instance_id,repo,base_commit,reviewer,file,line_start,line_end,severity,message,is_hit,matched_oracle_site_id,tolerance,raw_output_path,latency_seconds,input_tokens,output_tokens,estimated_cost_usd,instance_n_oracle_files,skipped_reason
astropy__astropy-14995,astropy/astropy,b16c7d12ccbc7b2d20364b89fb44285bcbfede54,static,astropy/nddata/mixins/ndarithmetic.py,654,654,high,"E0213: Method '_prepare_then_do_arithmetic' should have ""self"" as first argument",False,,3,,4.327999999979511,,,,1,
astropy__astropy-14995,astropy/astropy,b16c7d12ccbc7b2d20364b89fb44285bcbfede54,static,astropy/nddata/mixins/ndarithmetic.py,718,718,high,E1102: cls is not callable,False,,3,,4.327999999979511,,,,1,
astropy__astropy-14995,astropy/astropy,b16c7d12ccbc7b2d20364b89fb44285bcbfede54,static,astropy/nddata/mixins/ndarithmetic.py,245,245,medium,"B904: Within an `except` clause, raise exceptions with `raise ... from err` or `raise ... from None` to distinguish them from errors in exception handling",False,,3,,4.327999999979511,,,,1,
astropy__astropy-14995,astropy/astropy,b16c7d12ccbc7b2d20364b89fb44285bcbfede54,static,astropy/nddata/mixins/ndarithmetic.py,245,245,medium,W0707: Consider explicitly re-raising using 'except KeyError as exc' and 'raise KeyError(f'Unknown prefix {splitted[0]} for parameter {i}') from exc',False,,3,,4.327999999979511,,,,1,
astropy__astropy-14995,astropy/astropy,b16c7d12ccbc7b2d20364b89fb44285bcbfede54,static,astropy/nddata/mixins/ndarithmetic.py,318,318,medium,B028: No explicit `stacklevel` keyword argument found,False,,3,,4.327999999979511,,,,1,
astropy__astropy-14995,astropy/astropy,b16c7d12ccbc7b2d20364b89fb44285bcbfede54,static,astropy/nddata/mixins/ndarithmetic.py,448,448,medium,W0511: TODO: There is no enforced requirement that actually forbids the,False,,3,,4.327999999979511,,,,1,
astropy__astropy-14995,astropy/astropy,b16c7d12ccbc7b2d20364b89fb44285bcbfede54,static,astropy/nddata/mixins/ndarithmetic.py,485,485,medium,W0613: Unused argument 'operation',False,,3,,4.327999999979511,,,,1,
astropy__astropy-14995,astropy/astropy,b16c7d12ccbc7b2d20364b89fb44285bcbfede54,static,astropy/nddata/mixins/ndarithmetic.py,529,529,medium,W0613: Unused argument 'operation',True,site-0001,3,,4.327999999979511,,,,1,
astropy__astropy-14995,astropy/astropy,b16c7d12ccbc7b2d20364b89fb44285bcbfede54,static,astropy/nddata/mixins/ndarithmetic.py,575,575,medium,W0613: Unused argument 'operation',False,,3,,4.327999999979511,,,,1,
astropy__astropy-14995,astropy/astropy,b16c7d12ccbc7b2d20364b89fb44285bcbfede54,static,astropy/nddata/mixins/ndarithmetic.py,731,731,medium,W0212: Access to a protected member _arithmetic of a client class,False,,3,,4.327999999979511,,,,1,
astropy__astropy-14995,astropy/astropy,b16c7d12ccbc7b2d20364b89fb44285bcbfede54,static,astropy/nddata/mixins/ndarithmetic.py,734,734,medium,W0212: Access to a protected member _arithmetic of a client class,False,,3,,4.327999999979511,,,,1,
django__django-11001,django/django,ef082ebb84f00e38af4e8880d04e8365c2766d34,static,django/db/models/sql/compiler.py,42,42,medium,W0201: Attribute 'col_count' defined outside __init__,False,,3,,2.4070000000065193,,,,1,
django__django-11001,django/django,ef082ebb84f00e38af4e8880d04e8365c2766d34,static,django/db/models/sql/compiler.py,52,52,medium,W0201: Attribute 'where' defined outside __init__,False,,3,,2.4070000000065193,,,,1,
django__django-11001,django/django,ef082ebb84f00e38af4e8880d04e8365c2766d34,static,django/db/models/sql/compiler.py,54,54,medium,W0201: Attribute 'has_extra_select' defined outside __init__,False,,3,,2.4070000000065193,,,,1,
django__django-11001,django/django,ef082ebb84f00e38af4e8880d04e8365c2766d34,static,django/db/models/sql/compiler.py,116,116,medium,B007: Loop control variable `sql` not used within loop body,False,,3,,2.4070000000065193,,,,1,
django__django-11001,django/django,ef082ebb84f00e38af4e8880d04e8365c2766d34,static,django/db/models/sql/compiler.py,147,147,medium,W0212: Access to a protected member _meta of a client class,False,,3,,2.4070000000065193,,,,1,
django__django-11001,django/django,ef082ebb84f00e38af4e8880d04e8365c2766d34,static,django/db/models/sql/compiler.py,174,174,medium,W0212: Access to a protected member _meta of a client class,False,,3,,2.4070000000065193,,,,1,
django__django-11001,django/django,ef082ebb84f00e38af4e8880d04e8365c2766d34,static,django/db/models/sql/compiler.py,273,273,medium,W0612: Unused variable 'desc',False,,3,,2.4070000000065193,,,,1,
django__django-11001,django/django,ef082ebb84f00e38af4e8880d04e8365c2766d34,static,django/db/models/sql/compiler.py,401,401,medium,W0622: Redefining built-in 'all',False,,3,,2.4070000000065193,,,,1,
django__django-11001,django/django,ef082ebb84f00e38af4e8880d04e8365c2766d34,static,django/db/models/sql/compiler.py,640,640,medium,W0212: Access to a protected member _meta of a client class,False,,3,,2.4070000000065193,,,,1,
django__django-11001,django/django,ef082ebb84f00e38af4e8880d04e8365c2766d34,static,django/db/models/sql/compiler.py,646,646,medium,W0212: Access to a protected member _meta of a client class,False,,3,,2.4070000000065193,,,,1,
django__django-11001,django/django,ef082ebb84f00e38af4e8880d04e8365c2766d34,static,django/db/models/sql/compiler.py,777,777,medium,W0212: Access to a protected member _filtered_relations of a client class,False,,3,,2.4070000000065193,,,,1,
django__django-11001,django/django,ef082ebb84f00e38af4e8880d04e8365c2766d34,static,django/db/models/sql/compiler.py,801,801,medium,W0212: Access to a protected member _meta of a client class,False,,3,,2.4070000000065193,,,,1,
django__django-11001,django/django,ef082ebb84f00e38af4e8880d04e8365c2766d34,static,django/db/models/sql/compiler.py,805,805,medium,W0622: Redefining built-in 'next',False,,3,,2.4070000000065193,,,,1,
django__django-11001,django/django,ef082ebb84f00e38af4e8880d04e8365c2766d34,static,django/db/models/sql/compiler.py,836,836,medium,W0212: Access to a protected member _meta of a client class,False,,3,,2.4070000000065193,,,,1,
django__django-11001,django/django,ef082ebb84f00e38af4e8880d04e8365c2766d34,static,django/db/models/sql/compiler.py,842,842,medium,W0212: Access to a protected member _meta of a client class,False,,3,,2.4070000000065193,,,,1,
django__django-11001,django/django,ef082ebb84f00e38af4e8880d04e8365c2766d34,static,django/db/models/sql/compiler.py,873,873,medium,W0212: Access to a protected member _meta of a client class,False,,3,,2.4070000000065193,,,,1,
django__django-11001,django/django,ef082ebb84f00e38af4e8880d04e8365c2766d34,static,django/db/models/sql/compiler.py,880,880,medium,W0212: Access to a protected member _meta of a client class,False,,3,,2.4070000000065193,,,,1,
django__django-11001,django/django,ef082ebb84f00e38af4e8880d04e8365c2766d34,static,django/db/models/sql/compiler.py,887,887,medium,W0212: Access to a protected member _filtered_relations of a client class,False,,3,,2.4070000000065193,,,,1,
django__django-11001,django/django,ef082ebb84f00e38af4e8880d04e8365c2766d34,static,django/db/models/sql/compiler.py,897,897,medium,B023: Function definition does not bind loop variable `f`,False,,3,,2.4070000000065193,,,,1,
django__django-11001,django/django,ef082ebb84f00e38af4e8880d04e8365c2766d34,static,django/db/models/sql/compiler.py,900,900,medium,B023: Function definition does not bind loop variable `name`,False,,3,,2.4070000000065193,,,,1,
django__django-11049,django/django,17455e924e243e7a55e8a38f45966d8cbb27c273,static,django/db/models/fields/__init__.py,95,95,high,E0601: Using variable 'validators' before assignment,False,,3,,3.60999999998603,,,,1,
django__django-11049,django/django,17455e924e243e7a55e8a38f45966d8cbb27c273,static,django/db/models/fields/__init__.py,581,581,high,E1133: Non-iterable value self.validators is used in an iterating context,False,,3,,3.60999999998603,,,,1,
django__django-11049,django/django,17455e924e243e7a55e8a38f45966d8cbb27c273,static,django/db/models/fields/__init__.py,1797,1797,high,E1133: Non-iterable value validators_ is used in an iterating context,False,,3,,3.60999999998603,,,,1,
django__django-11049,django/django,17455e924e243e7a55e8a38f45966d8cbb27c273,static,django/db/models/fields/__init__.py,1801,1801,high,E1133: Non-iterable value validators_ is used in an iterating context,False,,3,,3.60999999998603,,,,1,
django__django-11049,django/django,17455e924e243e7a55e8a38f45966d8cbb27c273,static,django/db/models/fields/__init__.py,60,60,medium,W0212: Access to a protected member _meta of a client class,False,,3,,3.60999999998603,,,,1,
django__django-11049,django/django,17455e924e243e7a55e8a38f45966d8cbb27c273,static,django/db/models/fields/__init__.py,138,138,medium,W0621: Redefining name 'validators' from outer scope (line 14),False,,3,,3.60999999998603,,,,1,
django__django-11049,django/django,17455e924e243e7a55e8a38f45966d8cbb27c273,static,django/db/models/fields/__init__.py,323,323,medium,W0212: Access to a protected member _meta of a client class,False,,3,,3.60999999998603,,,,1,
django__django-11049,django/django,17455e924e243e7a55e8a38f45966d8cbb27c273,static,django/db/models/fields/__init__.py,325,325,medium,W0212: Access to a protected member _meta of a client class,False,,3,,3.60999999998603,,,,1,
django__django-11049,django/django,17455e924e243e7a55e8a38f45966d8cbb27c273,static,django/db/models/fields/__init__.py,379,379,medium,W0212: Access to a protected member _meta of a client class,False,,3,,3.60999999998603,,,,1,
django__django-11049,django/django,17455e924e243e7a55e8a38f45966d8cbb27c273,static,django/db/models/fields/__init__.py,388,388,medium,W0212: Access to a protected member _meta of a client class,False,,3,,3.60999999998603,,,,1,
django__django-11049,django/django,17455e924e243e7a55e8a38f45966d8cbb27c273,static,django/db/models/fields/__init__.py,390,390,medium,W0613: Unused argument 'compiler',False,,3,,3.60999999998603,,,,1,
django__django-11049,django/django,17455e924e243e7a55e8a38f45966d8cbb27c273,static,django/db/models/fields/__init__.py,492,492,medium,W0612: Unused variable 'name',False,,3,,3.60999999998603,,,,1,
django__django-11049,django/django,17455e924e243e7a55e8a38f45966d8cbb27c273,static,django/db/models/fields/__init__.py,515,515,medium,W0201: Attribute 'remote_field' defined outside __init__,False,,3,,3.60999999998603,,,,1,
django__django-11049,django/django,17455e924e243e7a55e8a38f45966d8cbb27c273,static,django/db/models/fields/__init__.py,549,549,medium,W0613: Unused argument 'instance',False,,3,,3.60999999998603,,,,1,
django__django-11049,django/django,17455e924e243e7a55e8a38f45966d8cbb27c273,static,django/db/models/fields/__init__.py,592,592,medium,W0613: Unused argument 'model_instance',False,,3,,3.60999999998603,,,,1,
django__django-11049,django/django,17455e924e243e7a55e8a38f45966d8cbb27c273,static,django/db/models/fields/__init__.py,606,606,medium,B007: Loop control variable `optgroup_value` not used within loop body,False,,3,,3.60999999998603,,,,1,
django__django-11049,django/django,17455e924e243e7a55e8a38f45966d8cbb27c273,static,django/db/models/fields/__init__.py,606,606,medium,W0612: Unused variable 'optgroup_value',False,,3,,3.60999999998603,,,,1,
django__django-11049,django/django,17455e924e243e7a55e8a38f45966d8cbb27c273,static,django/db/models/fields/__init__.py,634,634,medium,W0621: Redefining name 'connection' from outer scope (line 19),False,,3,,3.60999999998603,,,,1,
django__django-11049,django/django,17455e924e243e7a55e8a38f45966d8cbb27c273,static,django/db/models/fields/__init__.py,637,637,medium,W0621: Redefining name 'connection' from outer scope (line 19),False,,3,,3.60999999998603,,,,1,
django__django-11049,django/django,17455e924e243e7a55e8a38f45966d8cbb27c273,static,django/db/models/fields/__init__.py,649,649,medium,W0621: Redefining name 'connection' from outer scope (line 19),False,,3,,3.60999999998603,,,,1,
django__django-11133,django/django,879cc3da6249e920b8d54518a0ae06de835d7373,static,django/http/response.py,130,130,high,E1101: Instance of 'UnicodeError' has no 'reason' member,False,,3,,5.23499999998603,,,,1,
django__django-11133,django/django,879cc3da6249e920b8d54518a0ae06de835d7373,static,django/http/response.py,53,53,medium,"B904: Within an `except` clause, raise exceptions with `raise ... from err` or `raise ... from None` to distinguish them from errors in exception handling",False,,3,,5.23499999998603,,,,1,
django__django-11133,django/django,879cc3da6249e920b8d54518a0ae06de835d7373,static,django/http/response.py,53,53,medium,"W0707: Consider explicitly re-raising using 'except (ValueError, TypeError) as exc' and 'raise TypeError('HTTP status code must be an integer.') from exc'",False,,3,,5.23499999998603,,,,1,
django__django-11133,django/django,879cc3da6249e920b8d54518a0ae06de835d7373,static,django/http/response.py,248,248,medium,W0718: Catching too general exception Exception,False,,3,,5.23499999998603,,,,1,
django__django-11133,django/django,879cc3da6249e920b8d54518a0ae06de835d7373,static,django/http/response.py,287,287,medium,W1113: Keyword argument before variable positional arguments list in the definition of __init__ function,False,,3,,5.23499999998603,,,,1,
django__django-11133,django/django,879cc3da6249e920b8d54518a0ae06de835d7373,static,django/http/response.py,317,317,medium,W0718: Catching too general exception Exception,False,,3,,5.23499999998603,,,,1,
django__django-11133,django/django,879cc3da6249e920b8d54518a0ae06de835d7373,static,django/http/response.py,355,355,medium,W1113: Keyword argument before variable positional arguments list in the definition of __init__ function,False,,3,,5.23499999998603,,,,1,
django__django-11133,django/django,879cc3da6249e920b8d54518a0ae06de835d7373,static,django/http/response.py,378,378,medium,W0201: Attribute '_iterator' defined outside __init__,False,,3,,5.23499999998603,,,,1,
django__django-11133,django/django,879cc3da6249e920b8d54518a0ae06de835d7373,static,django/http/response.py,402,402,medium,W0201: Attribute 'file_to_stream' defined outside __init__,False,,3,,5.23499999998603,,,,1,
django__django-11133,django/django,879cc3da6249e920b8d54518a0ae06de835d7373,static,django/http/response.py,405,405,medium,W0201: Attribute 'file_to_stream' defined outside __init__,False,,3,,5.23499999998603,,,,1,
django__django-11179,django/django,19fc6376ce67d01ca37a91ef2f55ef769f50513a,static,django/db/models/deletion.py,33,33,medium,W0613: Unused argument 'using',False,,3,,2.609000000054948,,,,1,
django__django-11179,django/django,19fc6376ce67d01ca37a91ef2f55ef769f50513a,static,django/db/models/deletion.py,36,36,medium,W0613: Unused argument 'using',False,,3,,2.609000000054948,,,,1,
django__django-11179,django/django,19fc6376ce67d01ca37a91ef2f55ef769f50513a,static,django/db/models/deletion.py,42,42,medium,W0613: Unused argument 'using',False,,3,,2.609000000054948,,,,1,
django__django-11179,django/django,19fc6376ce67d01ca37a91ef2f55ef769f50513a,static,django/db/models/deletion.py,46,46,medium,W0613: Unused argument 'using',False,,3,,2.609000000054948,,,,1,
django__django-11179,django/django,19fc6376ce67d01ca37a91ef2f55ef769f50513a,static,django/db/models/deletion.py,50,50,medium,W0613: Unused argument 'collector',False,,3,,2.609000000054948,,,,1,
django__django-11179,django/django,19fc6376ce67d01ca37a91ef2f55ef769f50513a,static,django/db/models/deletion.py,104,104,medium,W0212: Access to a protected member _meta of a client class,False,,3,,2.609000000054948,,,,1,
django__django-11179,django/django,19fc6376ce67d01ca37a91ef2f55ef769f50513a,static,django/db/models/deletion.py,144,144,medium,W0212: Access to a protected member _meta of a client class,False,,3,,2.609000000054948,,,,1,
django__django-11179,django/django,19fc6376ce67d01ca37a91ef2f55ef769f50513a,static,django/db/models/deletion.py,146,146,medium,W0212: Access to a protected member _meta of a client class,False,,3,,2.609000000054948,,,,1,
django__django-11179,django/django,19fc6376ce67d01ca37a91ef2f55ef769f50513a,static,django/db/models/deletion.py,170,170,medium,W0613: Unused argument 'source_attr',False,,3,,2.609000000054948,,,,1,
django__django-11179,django/django,19fc6376ce67d01ca37a91ef2f55ef769f50513a,static,django/db/models/deletion.py,201,201,medium,W0212: Access to a protected member _meta of a client class,False,,3,,2.609000000054948,,,,1,
django__django-11179,django/django,19fc6376ce67d01ca37a91ef2f55ef769f50513a,static,django/db/models/deletion.py,202,202,medium,W0212: Access to a protected member _meta of a client class,False,,3,,2.609000000054948,,,,1,
django__django-11179,django/django,19fc6376ce67d01ca37a91ef2f55ef769f50513a,static,django/db/models/deletion.py,210,210,medium,W0212: Access to a protected member _meta of a client class,False,,3,,2.609000000054948,,,,1,
django__django-11179,django/django,19fc6376ce67d01ca37a91ef2f55ef769f50513a,static,django/db/models/deletion.py,211,211,medium,W0212: Access to a protected member _meta of a client class,False,,3,,2.609000000054948,,,,1,
django__django-11179,django/django,19fc6376ce67d01ca37a91ef2f55ef769f50513a,static,django/db/models/deletion.py,216,216,medium,"W0143: Comparing against a callable, did you omit the parenthesis?",False,,3,,2.609000000054948,,,,1,
django__django-11179,django/django,19fc6376ce67d01ca37a91ef2f55ef769f50513a,static,django/db/models/deletion.py,225,225,medium,W0212: Access to a protected member _meta of a client class,False,,3,,2.609000000054948,,,,1,
django__django-11179,django/django,19fc6376ce67d01ca37a91ef2f55ef769f50513a,static,django/db/models/deletion.py,235,235,medium,W0212: Access to a protected member _base_manager of a client class,False,,3,,2.609000000054948,,,,1,
django__django-11179,django/django,19fc6376ce67d01ca37a91ef2f55ef769f50513a,static,django/db/models/deletion.py,253,253,medium,W0212: Access to a protected member _meta of a client class,False,,3,,2.609000000054948,,,,1,
django__django-11179,django/django,19fc6376ce67d01ca37a91ef2f55ef769f50513a,static,django/db/models/deletion.py,256,256,medium,W0212: Access to a protected member _meta of a client class,False,,3,,2.609000000054948,,,,1,
django__django-11179,django/django,19fc6376ce67d01ca37a91ef2f55ef769f50513a,static,django/db/models/deletion.py,275,275,medium,W0631: Using possibly undefined loop variable 'instances',True,site-0001,3,,2.609000000054948,,,,1,
django__django-11179,django/django,19fc6376ce67d01ca37a91ef2f55ef769f50513a,static,django/db/models/deletion.py,276,276,medium,W0631: Using possibly undefined loop variable 'instances',True,site-0001,3,,2.609000000054948,,,,1,
django__django-11283,django/django,08a4ee06510ae45562c228eefbdcaac84bd38c7a,static,django/contrib/auth/migrations/0011_update_proxy_permissions.py,5,5,medium,W0613: Unused argument 'schema_editor',True,site-0001,3,,1.5150000000139698,,,,1,
django__django-11283,django/django,08a4ee06510ae45562c228eefbdcaac84bd38c7a,static,django/contrib/auth/migrations/0011_update_proxy_permissions.py,13,13,medium,W0212: Access to a protected member _meta of a client class,True,site-0002,3,,1.5150000000139698,,,,1,
django__django-11422,django/django,df46b329e0900e9e4dc1d60816c1dce6dfc1094e,static,django/utils/autoreload.py,96,96,high,E1101: Module 'signal' has no 'SIGTTOU' member,False,,3,,3.265999999945052,,,,1,
django__django-11422,django/django,df46b329e0900e9e4dc1d60816c1dce6dfc1094e,static,django/utils/autoreload.py,52,52,medium,W0603: Using the global statement,False,,3,,3.265999999945052,,,,1,
django__django-11422,django/django,df46b329e0900e9e4dc1d60816c1dce6dfc1094e,static,django/utils/autoreload.py,58,58,medium,W0612: Unused variable 'et',False,,3,,3.265999999945052,,,,1,
django__django-11422,django/django,df46b329e0900e9e4dc1d60816c1dce6dfc1094e,static,django/utils/autoreload.py,75,75,medium,W0602: Using global for '_exception' but no assignment is done,False,,3,,3.265999999945052,,,,1,
django__django-11422,django/django,df46b329e0900e9e4dc1d60816c1dce6dfc1094e,static,django/utils/autoreload.py,265,267,medium,"W0120: Else clause on loop without a break statement, remove the else and de-indent all the code inside it",False,,3,,3.265999999945052,,,,1,
django__django-11422,django/django,df46b329e0900e9e4dc1d60816c1dce6dfc1094e,static,django/utils/autoreload.py,276,276,medium,B018: Found useless attribute access. Either assign it to a variable or remove it.,False,,3,,3.265999999945052,,,,1,
django__django-11422,django/django,df46b329e0900e9e4dc1d60816c1dce6dfc1094e,static,django/utils/autoreload.py,277,277,medium,W0718: Catching too general exception Exception,False,,3,,3.265999999945052,,,,1,
django__django-11422,django/django,df46b329e0900e9e4dc1d60816c1dce6dfc1094e,static,django/utils/autoreload.py,397,397,medium,B019: Use of `functools.lru_cache` or `functools.cache` on methods can lead to memory leaks,False,,3,,3.265999999945052,,,,1,
django__django-11422,django/django,df46b329e0900e9e4dc1d60816c1dce6dfc1094e,static,django/utils/autoreload.py,476,476,medium,W0718: Catching too general exception Exception,False,,3,,3.265999999945052,,,,1,
django__django-11422,django/django,df46b329e0900e9e4dc1d60816c1dce6dfc1094e,static,django/utils/autoreload.py,496,496,medium,W0613: Unused argument 'kwargs',False,,3,,3.265999999945052,,,,1,
django__django-11422,django/django,df46b329e0900e9e4dc1d60816c1dce6dfc1094e,static,django/utils/autoreload.py,540,540,medium,"B904: Within an `except` clause, raise exceptions with `raise ... from err` or `raise ... from None` to distinguish them from errors in exception handling",False,,3,,3.265999999945052,,,,1,
django__django-11422,django/django,df46b329e0900e9e4dc1d60816c1dce6dfc1094e,static,django/utils/autoreload.py,540,540,medium,W0707: Consider explicitly re-raising using 'except Exception as exc' and 'raise WatchmanUnavailable('Cannot connect to the watchman service.') from exc',False,,3,,3.265999999945052,,,,1,
django__django-11564,django/django,580e644f24f1c5ae5b94784fb73a9953a178fd26,static,django/conf/__init__.py,160,160,high,E1101: Instance of 'Settings' has no 'SECRET_KEY' member,False,,3,,1.8130000000819564,,,,1,
django__django-11564,django/django,580e644f24f1c5ae5b94784fb73a9953a178fd26,static,django/conf/__init__.py,172,172,high,E1101: Instance of 'Settings' has no 'TIME_ZONE' member,False,,3,,1.8130000000819564,,,,1,
django__django-11564,django/django,580e644f24f1c5ae5b94784fb73a9953a178fd26,static,django/conf/__init__.py,176,176,high,E1101: Instance of 'Settings' has no 'TIME_ZONE' member,False,,3,,1.8130000000819564,,,,1,
django__django-11564,django/django,580e644f24f1c5ae5b94784fb73a9953a178fd26,static,django/conf/__init__.py,181,181,high,E1101: Instance of 'Settings' has no 'TIME_ZONE' member,False,,3,,1.8130000000819564,,,,1,
django__django-11564,django/django,580e644f24f1c5ae5b94784fb73a9953a178fd26,static,django/conf/__init__.py,182,182,high,E1101: Module 'time' has no 'tzset' member,False,,3,,1.8130000000819564,,,,1,
django__django-11564,django/django,580e644f24f1c5ae5b94784fb73a9953a178fd26,static,django/conf/__init__.py,38,38,medium,W0613: Unused argument 'value',False,,3,,1.8130000000819564,,,,1,
django__django-11564,django/django,580e644f24f1c5ae5b94784fb73a9953a178fd26,static,django/conf/__init__.py,63,63,medium,W0201: Attribute '_wrapped' defined outside __init__,False,,3,,1.8130000000819564,,,,1,
django__django-11564,django/django,580e644f24f1c5ae5b94784fb73a9953a178fd26,static,django/conf/__init__.py,110,110,medium,W0201: Attribute '_wrapped' defined outside __init__,True,site-0002,3,,1.8130000000819564,,,,1,
django__django-11564,django/django,580e644f24f1c5ae5b94784fb73a9953a178fd26,static,django/conf/__init__.py,169,169,medium,B010: Do not call `setattr` with a constant attribute value. It is not any safer than normal property access.,False,,3,,1.8130000000819564,,,,1,
django__django-11564,django/django,580e644f24f1c5ae5b94784fb73a9953a178fd26,static,django/conf/__init__.py,170,170,medium,B028: No explicit `stacklevel` keyword argument found,False,,3,,1.8130000000819564,,,,1,
django__django-11564,django/django,580e644f24f1c5ae5b94784fb73a9953a178fd26,static,django/conf/__init__.py,216,216,medium,B010: Do not call `setattr` with a constant attribute value. It is not any safer than normal property access.,False,,3,,1.8130000000819564,,,,1,
django__django-11564,django/django,580e644f24f1c5ae5b94784fb73a9953a178fd26,static,django/conf/__init__.py,217,217,medium,B028: No explicit `stacklevel` keyword argument found,False,,3,,1.8130000000819564,,,,1,
django__django-11583,django/django,60dc957a825232fdda9138e2f8878b2ca407a7c9,static,django/utils/autoreload.py,95,95,high,E1101: Module 'signal' has no 'SIGTTOU' member,False,,3,,2.797000000020489,,,,1,
django__django-11583,django/django,60dc957a825232fdda9138e2f8878b2ca407a7c9,static,django/utils/autoreload.py,51,51,medium,W0603: Using the global statement,False,,3,,2.797000000020489,,,,1,
django__django-11583,django/django,60dc957a825232fdda9138e2f8878b2ca407a7c9,static,django/utils/autoreload.py,57,57,medium,W0612: Unused variable 'et',False,,3,,2.797000000020489,,,,1,
django__django-11583,django/django,60dc957a825232fdda9138e2f8878b2ca407a7c9,static,django/utils/autoreload.py,74,74,medium,W0602: Using global for '_exception' but no assignment is done,False,,3,,2.797000000020489,,,,1,
django__django-11583,django/django,60dc957a825232fdda9138e2f8878b2ca407a7c9,static,django/utils/autoreload.py,277,279,medium,"W0120: Else clause on loop without a break statement, remove the else and de-indent all the code inside it",False,,3,,2.797000000020489,,,,1,
django__django-11583,django/django,60dc957a825232fdda9138e2f8878b2ca407a7c9,static,django/utils/autoreload.py,288,288,medium,B018: Found useless attribute access. Either assign it to a variable or remove it.,False,,3,,2.797000000020489,,,,1,
django__django-11583,django/django,60dc957a825232fdda9138e2f8878b2ca407a7c9,static,django/utils/autoreload.py,289,289,medium,W0718: Catching too general exception Exception,False,,3,,2.797000000020489,,,,1,
django__django-11583,django/django,60dc957a825232fdda9138e2f8878b2ca407a7c9,static,django/utils/autoreload.py,409,409,medium,B019: Use of `functools.lru_cache` or `functools.cache` on methods can lead to memory leaks,False,,3,,2.797000000020489,,,,1,
django__django-11583,django/django,60dc957a825232fdda9138e2f8878b2ca407a7c9,static,django/utils/autoreload.py,488,488,medium,W0718: Catching too general exception Exception,False,,3,,2.797000000020489,,,,1,
django__django-11583,django/django,60dc957a825232fdda9138e2f8878b2ca407a7c9,static,django/utils/autoreload.py,508,508,medium,W0613: Unused argument 'kwargs',False,,3,,2.797000000020489,,,,1,
django__django-11583,django/django,60dc957a825232fdda9138e2f8878b2ca407a7c9,static,django/utils/autoreload.py,552,552,medium,"B904: Within an `except` clause, raise exceptions with `raise ... from err` or `raise ... from None` to distinguish them from errors in exception handling",False,,3,,2.797000000020489,,,,1,
django__django-11583,django/django,60dc957a825232fdda9138e2f8878b2ca407a7c9,static,django/utils/autoreload.py,552,552,medium,W0707: Consider explicitly re-raising using 'except Exception as exc' and 'raise WatchmanUnavailable('Cannot connect to the watchman service.') from exc',False,,3,,2.797000000020489,,,,1,
django__django-11630,django/django,65e86948b80262574058a94ccaae3a9b59c3faea,static,django/core/checks/model_checks.py,21,21,medium,W0212: Access to a protected member _meta of a client class,False,,3,,2.2660000000614673,,,,1,
django__django-11630,django/django,65e86948b80262574058a94ccaae3a9b59c3faea,static,django/core/checks/model_checks.py,22,22,medium,W0212: Access to a protected member _meta of a client class,False,,3,,2.2660000000614673,,,,1,
django__django-11630,django/django,65e86948b80262574058a94ccaae3a9b59c3faea,static,django/core/checks/model_checks.py,34,34,medium,W0212: Access to a protected member _meta of a client class,True,site-0002,3,,2.2660000000614673,,,,1,
django__django-11630,django/django,65e86948b80262574058a94ccaae3a9b59c3faea,static,django/core/checks/model_checks.py,35,35,medium,W0212: Access to a protected member _meta of a client class,True,site-0002,3,,2.2660000000614673,,,,1,
django__django-11630,django/django,65e86948b80262574058a94ccaae3a9b59c3faea,static,django/core/checks/model_checks.py,36,36,medium,W0212: Access to a protected member _meta of a client class,True,site-0002,3,,2.2660000000614673,,,,1,
django__django-11630,django/django,65e86948b80262574058a94ccaae3a9b59c3faea,static,django/core/checks/model_checks.py,37,37,medium,W0212: Access to a protected member _meta of a client class,True,site-0002,3,,2.2660000000614673,,,,1,
django__django-11630,django/django,65e86948b80262574058a94ccaae3a9b59c3faea,static,django/core/checks/model_checks.py,77,77,medium,W0621: Redefining name 'apps' from outer scope (line 6),False,,3,,2.2660000000614673,,,,1,
django__django-11630,django/django,65e86948b80262574058a94ccaae3a9b59c3faea,static,django/core/checks/model_checks.py,88,88,medium,W0212: Access to a protected member _pending_operations of a client class,False,,3,,2.2660000000614673,,,,1,
django__django-11630,django/django,65e86948b80262574058a94ccaae3a9b59c3faea,static,django/core/checks/model_checks.py,131,131,medium,W0613: Unused argument 'func',False,,3,,2.2660000000614673,,,,1,
django__django-11630,django/django,65e86948b80262574058a94ccaae3a9b59c3faea,static,django/core/checks/model_checks.py,143,143,medium,W0613: Unused argument 'keywords',False,,3,,2.2660000000614673,,,,1,
django__django-11630,django/django,65e86948b80262574058a94ccaae3a9b59c3faea,static,django/core/checks/model_checks.py,166,166,medium,W0613: Unused argument 'args',False,,3,,2.2660000000614673,,,,1,
django__django-11630,django/django,65e86948b80262574058a94ccaae3a9b59c3faea,static,django/core/checks/model_checks.py,192,192,medium,W0212: Access to a protected member _pending_operations of a client class,False,,3,,2.2660000000614673,,,,1,
django__django-11630,django/django,65e86948b80262574058a94ccaae3a9b59c3faea,static,django/core/checks/model_checks.py,197,197,medium,W0613: Unused argument 'app_configs',False,,3,,2.2660000000614673,,,,1,
django__django-11797,django/django,3346b78a8a872286a245d1e77ef4718fc5e6be1a,static,django/db/models/lookups.py,127,127,high,E1120: No value for argument 'lhs' in constructor call,False,,3,,1.625,,,,1,
django__django-11797,django/django,3346b78a8a872286a245d1e77ef4718fc5e6be1a,static,django/db/models/lookups.py,314,314,high,E0203: Access to member 'rhs' before its definition line 315,False,,3,,1.625,,,,1,
django__django-11797,django/django,3346b78a8a872286a245d1e77ef4718fc5e6be1a,static,django/db/models/lookups.py,316,316,high,E1101: Super of 'IntegerFieldFloatRounding' has no 'get_prep_lookup' member,False,,3,,1.625,,,,1,
django__django-11797,django/django,3346b78a8a872286a245d1e77ef4718fc5e6be1a,static,django/db/models/lookups.py,75,75,medium,W0613: Unused argument 'connection',False,,3,,1.625,,,,1,
django__django-11797,django/django,3346b78a8a872286a245d1e77ef4718fc5e6be1a,static,django/db/models/lookups.py,78,78,medium,W0613: Unused argument 'connection',False,,3,,1.625,,,,1,
django__django-11797,django/django,3346b78a8a872286a245d1e77ef4718fc5e6be1a,static,django/db/models/lookups.py,108,108,medium,W0613: Unused argument 'alias',False,,3,,1.625,,,,1,
django__django-11797,django/django,3346b78a8a872286a245d1e77ef4718fc5e6be1a,static,django/db/models/lookups.py,281,281,medium,W0237: Parameter 'compiler' has been renamed to 'qn' in overriding 'IExact.process_rhs' method,False,,3,,1.625,,,,1,
django__django-11797,django/django,3346b78a8a872286a245d1e77ef4718fc5e6be1a,static,django/db/models/lookups.py,315,315,medium,W0201: Attribute 'rhs' defined outside __init__,False,,3,,1.625,,,,1,
django__django-11797,django/django,3346b78a8a872286a245d1e77ef4718fc5e6be1a,static,django/db/models/lookups.py,413,413,medium,W0237: Parameter 'compiler' has been renamed to 'qn' in overriding 'PatternLookup.process_rhs' method,False,,3,,1.625,,,,1,
django__django-11905,django/django,2f72480fbd27896c986c45193e1603e35c0b19a7,static,django/db/models/lookups.py,127,127,high,E1120: No value for argument 'lhs' in constructor call,False,,3,,1.672000000020489,,,,1,
django__django-11905,django/django,2f72480fbd27896c986c45193e1603e35c0b19a7,static,django/db/models/lookups.py,314,314,high,E0203: Access to member 'rhs' before its definition line 315,False,,3,,1.672000000020489,,,,1,
django__django-11905,django/django,2f72480fbd27896c986c45193e1603e35c0b19a7,static,django/db/models/lookups.py,316,316,high,E1101: Super of 'IntegerFieldFloatRounding' has no 'get_prep_lookup' member,False,,3,,1.672000000020489,,,,1,
django__django-11905,django/django,2f72480fbd27896c986c45193e1603e35c0b19a7,static,django/db/models/lookups.py,75,75,medium,W0613: Unused argument 'connection',False,,3,,1.672000000020489,,,,1,
django__django-11905,django/django,2f72480fbd27896c986c45193e1603e35c0b19a7,static,django/db/models/lookups.py,78,78,medium,W0613: Unused argument 'connection',False,,3,,1.672000000020489,,,,1,
django__django-11905,django/django,2f72480fbd27896c986c45193e1603e35c0b19a7,static,django/db/models/lookups.py,108,108,medium,W0613: Unused argument 'alias',False,,3,,1.672000000020489,,,,1,
django__django-11905,django/django,2f72480fbd27896c986c45193e1603e35c0b19a7,static,django/db/models/lookups.py,281,281,medium,W0237: Parameter 'compiler' has been renamed to 'qn' in overriding 'IExact.process_rhs' method,False,,3,,1.672000000020489,,,,1,
django__django-11905,django/django,2f72480fbd27896c986c45193e1603e35c0b19a7,static,django/db/models/lookups.py,315,315,medium,W0201: Attribute 'rhs' defined outside __init__,False,,3,,1.672000000020489,,,,1,
django__django-11905,django/django,2f72480fbd27896c986c45193e1603e35c0b19a7,static,django/db/models/lookups.py,413,413,medium,W0237: Parameter 'compiler' has been renamed to 'qn' in overriding 'PatternLookup.process_rhs' method,False,,3,,1.672000000020489,,,,1,
django__django-12708,django/django,447980e72ac01da1594dd3373a03ba40b7ee6f80,static,django/db/backends/base/schema.py,32,32,medium,W0212: Access to a protected member _get_fields of a client class,False,,3,,2.39000000001397,,,,1,
django__django-12708,django/django,447980e72ac01da1594dd3373a03ba40b7ee6f80,static,django/db/backends/base/schema.py,96,96,medium,W0621: Redefining name 'atomic' from outer scope (line 9),False,,3,,2.39000000001397,,,,1,
django__django-12708,django/django,447980e72ac01da1594dd3373a03ba40b7ee6f80,static,django/db/backends/base/schema.py,106,106,medium,W0201: Attribute 'deferred_sql' defined outside __init__,False,,3,,2.39000000001397,,,,1,
django__django-12708,django/django,447980e72ac01da1594dd3373a03ba40b7ee6f80,static,django/db/backends/base/schema.py,108,108,medium,W0201: Attribute 'atomic' defined outside __init__,False,,3,,2.39000000001397,,,,1,
django__django-12708,django/django,447980e72ac01da1594dd3373a03ba40b7ee6f80,static,django/db/backends/base/schema.py,151,151,medium,W0212: Access to a protected member _meta of a client class,False,,3,,2.39000000001397,,,,1,
django__django-12708,django/django,447980e72ac01da1594dd3373a03ba40b7ee6f80,static,django/db/backends/base/schema.py,152,152,medium,W0212: Access to a protected member _meta of a client class,False,,3,,2.39000000001397,,,,1,
django__django-12708,django/django,447980e72ac01da1594dd3373a03ba40b7ee6f80,static,django/db/backends/base/schema.py,157,157,medium,W0212: Access to a protected member _meta of a client class,False,,3,,2.39000000001397,,,,1,
django__django-12708,django/django,447980e72ac01da1594dd3373a03ba40b7ee6f80,static,django/db/backends/base/schema.py,173,173,medium,W0212: Access to a protected member _meta of a client class,False,,3,,2.39000000001397,,,,1,
django__django-12708,django/django,447980e72ac01da1594dd3373a03ba40b7ee6f80,static,django/db/backends/base/schema.py,174,174,medium,W0212: Access to a protected member _meta of a client class,False,,3,,2.39000000001397,,,,1,
django__django-12708,django/django,447980e72ac01da1594dd3373a03ba40b7ee6f80,static,django/db/backends/base/schema.py,190,190,medium,W0212: Access to a protected member _meta of a client class,False,,3,,2.39000000001397,,,,1,
django__django-12708,django/django,447980e72ac01da1594dd3373a03ba40b7ee6f80,static,django/db/backends/base/schema.py,193,193,medium,W0212: Access to a protected member _meta of a client class,False,,3,,2.39000000001397,,,,1,
django__django-12708,django/django,447980e72ac01da1594dd3373a03ba40b7ee6f80,static,django/db/backends/base/schema.py,195,195,medium,W0212: Access to a protected member _meta of a client class,False,,3,,2.39000000001397,,,,1,
django__django-12708,django/django,447980e72ac01da1594dd3373a03ba40b7ee6f80,static,django/db/backends/base/schema.py,198,198,medium,W0212: Access to a protected member _meta of a client class,False,,3,,2.39000000001397,,,,1,
django__django-12708,django/django,447980e72ac01da1594dd3373a03ba40b7ee6f80,static,django/db/backends/base/schema.py,199,199,medium,W0212: Access to a protected member _meta of a client class,False,,3,,2.39000000001397,,,,1,
django__django-12708,django/django,447980e72ac01da1594dd3373a03ba40b7ee6f80,static,django/db/backends/base/schema.py,249,249,medium,W0212: Access to a protected member _meta of a client class,False,,3,,2.39000000001397,,,,1,
django__django-12708,django/django,447980e72ac01da1594dd3373a03ba40b7ee6f80,static,django/db/backends/base/schema.py,255,255,medium,W0613: Unused argument 'field',False,,3,,2.39000000001397,,,,1,
django__django-12708,django/django,447980e72ac01da1594dd3373a03ba40b7ee6f80,static,django/db/backends/base/schema.py,271,271,medium,W0613: Unused argument 'field',False,,3,,2.39000000001397,,,,1,
django__django-12708,django/django,447980e72ac01da1594dd3373a03ba40b7ee6f80,static,django/db/backends/base/schema.py,330,330,medium,W0212: Access to a protected member _meta of a client class,False,,3,,2.39000000001397,,,,1,
django__django-12708,django/django,447980e72ac01da1594dd3373a03ba40b7ee6f80,static,django/db/backends/base/schema.py,331,331,medium,W0212: Access to a protected member _meta of a client class,False,,3,,2.39000000001397,,,,1,
django__django-12708,django/django,447980e72ac01da1594dd3373a03ba40b7ee6f80,static,django/db/backends/base/schema.py,337,337,medium,W0212: Access to a protected member _meta of a client class,False,,3,,2.39000000001397,,,,1,
django__django-12747,django/django,c86201b6ed4f8256b0a0520c08aa674f623d4127,static,django/db/models/deletion.py,271,271,high,E0606: Possibly using variable 'parents' before assignment,False,,3,,1.8589999999385327,,,,1,
django__django-12747,django/django,c86201b6ed4f8256b0a0520c08aa674f623d4127,static,django/db/models/deletion.py,42,42,medium,W0613: Unused argument 'using',False,,3,,1.8589999999385327,,,,1,
django__django-12747,django/django,c86201b6ed4f8256b0a0520c08aa674f623d4127,static,django/db/models/deletion.py,49,49,medium,W0613: Unused argument 'using',False,,3,,1.8589999999385327,,,,1,
django__django-12747,django/django,c86201b6ed4f8256b0a0520c08aa674f623d4127,static,django/db/models/deletion.py,52,52,medium,W0613: Unused argument 'using',False,,3,,1.8589999999385327,,,,1,
django__django-12747,django/django,c86201b6ed4f8256b0a0520c08aa674f623d4127,static,django/db/models/deletion.py,58,58,medium,W0613: Unused argument 'using',False,,3,,1.8589999999385327,,,,1,
django__django-12747,django/django,c86201b6ed4f8256b0a0520c08aa674f623d4127,static,django/db/models/deletion.py,62,62,medium,W0613: Unused argument 'using',False,,3,,1.8589999999385327,,,,1,
django__django-12747,django/django,c86201b6ed4f8256b0a0520c08aa674f623d4127,static,django/db/models/deletion.py,66,66,medium,W0613: Unused argument 'collector',False,,3,,1.8589999999385327,,,,1,
django__django-12747,django/django,c86201b6ed4f8256b0a0520c08aa674f623d4127,static,django/db/models/deletion.py,126,126,medium,W0212: Access to a protected member _meta of a client class,False,,3,,1.8589999999385327,,,,1,
django__django-12747,django/django,c86201b6ed4f8256b0a0520c08aa674f623d4127,static,django/db/models/deletion.py,179,179,medium,W0212: Access to a protected member _meta of a client class,False,,3,,1.8589999999385327,,,,1,
django__django-12747,django/django,c86201b6ed4f8256b0a0520c08aa674f623d4127,static,django/db/models/deletion.py,188,188,medium,W0212: Access to a protected member _meta of a client class,False,,3,,1.8589999999385327,,,,1,
django__django-12747,django/django,c86201b6ed4f8256b0a0520c08aa674f623d4127,static,django/db/models/deletion.py,190,190,medium,W0212: Access to a protected member _meta of a client class,False,,3,,1.8589999999385327,,,,1,
django__django-12747,django/django,c86201b6ed4f8256b0a0520c08aa674f623d4127,static,django/db/models/deletion.py,215,215,medium,W0613: Unused argument 'source_attr',False,,3,,1.8589999999385327,,,,1,
django__django-12747,django/django,c86201b6ed4f8256b0a0520c08aa674f623d4127,static,django/db/models/deletion.py,253,253,medium,W0212: Access to a protected member _meta of a client class,False,,3,,1.8589999999385327,,,,1,
django__django-12747,django/django,c86201b6ed4f8256b0a0520c08aa674f623d4127,static,django/db/models/deletion.py,254,254,medium,W0212: Access to a protected member _meta of a client class,False,,3,,1.8589999999385327,,,,1,
django__django-12747,django/django,c86201b6ed4f8256b0a0520c08aa674f623d4127,static,django/db/models/deletion.py,266,266,medium,W0212: Access to a protected member _meta of a client class,False,,3,,1.8589999999385327,,,,1,
django__django-12747,django/django,c86201b6ed4f8256b0a0520c08aa674f623d4127,static,django/db/models/deletion.py,269,269,medium,W0212: Access to a protected member _meta of a client class,False,,3,,1.8589999999385327,,,,1,
django__django-12747,django/django,c86201b6ed4f8256b0a0520c08aa674f623d4127,static,django/db/models/deletion.py,274,274,medium,"W0143: Comparing against a callable, did you omit the parenthesis?",False,,3,,1.8589999999385327,,,,1,
django__django-12747,django/django,c86201b6ed4f8256b0a0520c08aa674f623d4127,static,django/db/models/deletion.py,292,292,medium,W0212: Access to a protected member _meta of a client class,False,,3,,1.8589999999385327,,,,1,
django__django-12747,django/django,c86201b6ed4f8256b0a0520c08aa674f623d4127,static,django/db/models/deletion.py,315,315,medium,W0212: Access to a protected member _meta of a client class,False,,3,,1.8589999999385327,,,,1,
django__django-12747,django/django,c86201b6ed4f8256b0a0520c08aa674f623d4127,static,django/db/models/deletion.py,354,354,medium,W0212: Access to a protected member _base_manager of a client class,False,,3,,1.8589999999385327,,,,1,
django__django-12908,django/django,49ae7ce50a874f8a04cd910882fb9571ff3a0d7a,static,django/db/models/query.py,1419,1419,high,E1135: Value 'self.columns' doesn't support membership test,False,,3,,2.9070000000065193,,,,1,
django__django-12908,django/django,49ae7ce50a874f8a04cd910882fb9571ff3a0d7a,static,django/db/models/query.py,1421,1421,high,E1135: Value 'self.model_fields' doesn't support membership test,False,,3,,2.9070000000065193,,,,1,
django__django-12908,django/django,49ae7ce50a874f8a04cd910882fb9571ff3a0d7a,static,django/db/models/query.py,1482,1482,high,E1133: Non-iterable value self.columns is used in an iterating context,False,,3,,2.9070000000065193,,,,1,
django__django-12908,django/django,49ae7ce50a874f8a04cd910882fb9571ff3a0d7a,static,django/db/models/query.py,219,219,medium,W0212: Access to a protected member _built_with_as_manager of a client class,False,,3,,2.9070000000065193,,,,1,
django__django-12908,django/django,49ae7ce50a874f8a04cd910882fb9571ff3a0d7a,static,django/db/models/query.py,327,327,medium,W0613: Unused argument 'args',False,,3,,2.9070000000065193,,,,1,
django__django-12908,django/django,49ae7ce50a874f8a04cd910882fb9571ff3a0d7a,static,django/db/models/query.py,388,388,medium,B018: Found useless expression. Either assign it to a variable or remove it.,False,,3,,2.9070000000065193,,,,1,
django__django-12908,django/django,49ae7ce50a874f8a04cd910882fb9571ff3a0d7a,static,django/db/models/query.py,390,390,medium,"B904: Within an `except` clause, raise exceptions with `raise ... from err` or `raise ... from None` to distinguish them from errors in exception handling",False,,3,,2.9070000000065193,,,,1,
django__django-12908,django/django,49ae7ce50a874f8a04cd910882fb9571ff3a0d7a,static,django/db/models/query.py,390,390,medium,"W0707: Consider explicitly re-raising using 'except (AttributeError, TypeError) as exc' and 'raise TypeError('Complex aggregates require an alias') from exc'",False,,3,,2.9070000000065193,,,,1,
django__django-12908,django/django,49ae7ce50a874f8a04cd910882fb9571ff3a0d7a,static,django/db/models/query.py,427,427,medium,W0212: Access to a protected member _result_cache of a client class,False,,3,,2.9070000000065193,,,,1,
django__django-12908,django/django,49ae7ce50a874f8a04cd910882fb9571ff3a0d7a,static,django/db/models/query.py,431,431,medium,W0212: Access to a protected member _meta of a client class,False,,3,,2.9070000000065193,,,,1,
django__django-12908,django/django,49ae7ce50a874f8a04cd910882fb9571ff3a0d7a,static,django/db/models/query.py,435,435,medium,W0212: Access to a protected member _meta of a client class,False,,3,,2.9070000000065193,,,,1,
django__django-12908,django/django,49ae7ce50a874f8a04cd910882fb9571ff3a0d7a,static,django/db/models/query.py,453,453,medium,W0212: Access to a protected member _meta of a client class,False,,3,,2.9070000000065193,,,,1,
django__django-12908,django/django,49ae7ce50a874f8a04cd910882fb9571ff3a0d7a,static,django/db/models/query.py,480,480,medium,W0212: Access to a protected member _meta of a client class,False,,3,,2.9070000000065193,,,,1,
django__django-12908,django/django,49ae7ce50a874f8a04cd910882fb9571ff3a0d7a,static,django/db/models/query.py,481,481,medium,W0212: Access to a protected member _meta of a client class,False,,3,,2.9070000000065193,,,,1,
django__django-12908,django/django,49ae7ce50a874f8a04cd910882fb9571ff3a0d7a,static,django/db/models/query.py,487,487,medium,W0212: Access to a protected member _meta of a client class,False,,3,,2.9070000000065193,,,,1,
django__django-12908,django/django,49ae7ce50a874f8a04cd910882fb9571ff3a0d7a,static,django/db/models/query.py,502,502,medium,W0212: Access to a protected member _state of a client class,False,,3,,2.9070000000065193,,,,1,
django__django-12908,django/django,49ae7ce50a874f8a04cd910882fb9571ff3a0d7a,static,django/db/models/query.py,503,503,medium,W0212: Access to a protected member _state of a client class,False,,3,,2.9070000000065193,,,,1,
django__django-12908,django/django,49ae7ce50a874f8a04cd910882fb9571ff3a0d7a,static,django/db/models/query.py,514,514,medium,W0212: Access to a protected member _state of a client class,False,,3,,2.9070000000065193,,,,1,
django__django-12908,django/django,49ae7ce50a874f8a04cd910882fb9571ff3a0d7a,static,django/db/models/query.py,515,515,medium,W0212: Access to a protected member _state of a client class,False,,3,,2.9070000000065193,,,,1,
django__django-12908,django/django,49ae7ce50a874f8a04cd910882fb9571ff3a0d7a,static,django/db/models/query.py,530,530,medium,W0212: Access to a protected member _meta of a client class,False,,3,,2.9070000000065193,,,,1,
django__django-13033,django/django,a59de6e89e8dc1f3e71c9a5a5bbceb373ea5247e,static,django/db/models/sql/compiler.py,47,47,medium,W0201: Attribute 'col_count' defined outside __init__,False,,3,,2.75,,,,1,
django__django-13033,django/django,a59de6e89e8dc1f3e71c9a5a5bbceb373ea5247e,static,django/db/models/sql/compiler.py,57,57,medium,W0201: Attribute 'where' defined outside __init__,False,,3,,2.75,,,,1,
django__django-13033,django/django,a59de6e89e8dc1f3e71c9a5a5bbceb373ea5247e,static,django/db/models/sql/compiler.py,59,59,medium,W0201: Attribute 'has_extra_select' defined outside __init__,False,,3,,2.75,,,,1,
django__django-13033,django/django,a59de6e89e8dc1f3e71c9a5a5bbceb373ea5247e,static,django/db/models/sql/compiler.py,128,128,medium,B007: Loop control variable `sql` not used within loop body,False,,3,,2.75,,,,1,
django__django-13033,django/django,a59de6e89e8dc1f3e71c9a5a5bbceb373ea5247e,static,django/db/models/sql/compiler.py,160,160,medium,W0212: Access to a protected member _meta of a client class,False,,3,,2.75,,,,1,
django__django-13033,django/django,a59de6e89e8dc1f3e71c9a5a5bbceb373ea5247e,static,django/db/models/sql/compiler.py,292,292,medium,W0612: Unused variable 'desc',False,,3,,2.75,,,,1,
django__django-13033,django/django,a59de6e89e8dc1f3e71c9a5a5bbceb373ea5247e,static,django/db/models/sql/compiler.py,433,433,medium,W0622: Redefining built-in 'all',False,,3,,2.75,,,,1,
django__django-13033,django/django,a59de6e89e8dc1f3e71c9a5a5bbceb373ea5247e,static,django/db/models/sql/compiler.py,670,670,medium,W0212: Access to a protected member _meta of a client class,False,,3,,2.75,,,,1,
django__django-13033,django/django,a59de6e89e8dc1f3e71c9a5a5bbceb373ea5247e,static,django/db/models/sql/compiler.py,676,676,medium,W0212: Access to a protected member _meta of a client class,False,,3,,2.75,,,,1,
django__django-13033,django/django,a59de6e89e8dc1f3e71c9a5a5bbceb373ea5247e,static,django/db/models/sql/compiler.py,812,812,medium,W0212: Access to a protected member _filtered_relations of a client class,False,,3,,2.75,,,,1,
django__django-13033,django/django,a59de6e89e8dc1f3e71c9a5a5bbceb373ea5247e,static,django/db/models/sql/compiler.py,836,836,medium,W0212: Access to a protected member _meta of a client class,False,,3,,2.75,,,,1,
django__django-13033,django/django,a59de6e89e8dc1f3e71c9a5a5bbceb373ea5247e,static,django/db/models/sql/compiler.py,840,840,medium,W0622: Redefining built-in 'next',False,,3,,2.75,,,,1,
django__django-13033,django/django,a59de6e89e8dc1f3e71c9a5a5bbceb373ea5247e,static,django/db/models/sql/compiler.py,871,871,medium,W0212: Access to a protected member _meta of a client class,False,,3,,2.75,,,,1,
django__django-13033,django/django,a59de6e89e8dc1f3e71c9a5a5bbceb373ea5247e,static,django/db/models/sql/compiler.py,877,877,medium,W0212: Access to a protected member _meta of a client class,False,,3,,2.75,,,,1,
django__django-13033,django/django,a59de6e89e8dc1f3e71c9a5a5bbceb373ea5247e,static,django/db/models/sql/compiler.py,908,908,medium,W0212: Access to a protected member _meta of a client class,False,,3,,2.75,,,,1,
django__django-13033,django/django,a59de6e89e8dc1f3e71c9a5a5bbceb373ea5247e,static,django/db/models/sql/compiler.py,915,915,medium,W0212: Access to a protected member _meta of a client class,False,,3,,2.75,,,,1,
django__django-13033,django/django,a59de6e89e8dc1f3e71c9a5a5bbceb373ea5247e,static,django/db/models/sql/compiler.py,931,931,medium,W0212: Access to a protected member _filtered_relations of a client class,False,,3,,2.75,,,,1,
django__django-13033,django/django,a59de6e89e8dc1f3e71c9a5a5bbceb373ea5247e,static,django/db/models/sql/compiler.py,948,948,medium,W0212: Access to a protected member _meta of a client class,False,,3,,2.75,,,,1,
django__django-13033,django/django,a59de6e89e8dc1f3e71c9a5a5bbceb373ea5247e,static,django/db/models/sql/compiler.py,957,957,medium,W0212: Access to a protected member _meta of a client class,False,,3,,2.75,,,,1,
django__django-13033,django/django,a59de6e89e8dc1f3e71c9a5a5bbceb373ea5247e,static,django/db/models/sql/compiler.py,980,980,medium,W0212: Access to a protected member _meta of a client class,False,,3,,2.75,,,,1,
django__django-13220,django/django,16218c20606d8cd89c5393970c83da04598a3e04,static,django/core/exceptions.py,8,8,medium,W0107: Unnecessary pass statement,True,site-0001,3,,1.187999999965541,,,,1,
django__django-13220,django/django,16218c20606d8cd89c5393970c83da04598a3e04,static,django/core/exceptions.py,13,13,medium,W0107: Unnecessary pass statement,False,,3,,1.187999999965541,,,,1,
django__django-13220,django/django,16218c20606d8cd89c5393970c83da04598a3e04,static,django/core/exceptions.py,23,23,medium,W0107: Unnecessary pass statement,False,,3,,1.187999999965541,,,,1,
django__django-13220,django/django,16218c20606d8cd89c5393970c83da04598a3e04,static,django/core/exceptions.py,32,32,medium,W0107: Unnecessary pass statement,False,,3,,1.187999999965541,,,,1,
django__django-13220,django/django,16218c20606d8cd89c5393970c83da04598a3e04,static,django/core/exceptions.py,37,37,medium,W0107: Unnecessary pass statement,False,,3,,1.187999999965541,,,,1,
django__django-13220,django/django,16218c20606d8cd89c5393970c83da04598a3e04,static,django/core/exceptions.py,42,42,medium,W0107: Unnecessary pass statement,False,,3,,1.187999999965541,,,,1,
django__django-13220,django/django,16218c20606d8cd89c5393970c83da04598a3e04,static,django/core/exceptions.py,47,47,medium,W0107: Unnecessary pass statement,False,,3,,1.187999999965541,,,,1,
django__django-13220,django/django,16218c20606d8cd89c5393970c83da04598a3e04,static,django/core/exceptions.py,55,55,medium,W0107: Unnecessary pass statement,False,,3,,1.187999999965541,,,,1,
django__django-13220,django/django,16218c20606d8cd89c5393970c83da04598a3e04,static,django/core/exceptions.py,63,63,medium,W0107: Unnecessary pass statement,False,,3,,1.187999999965541,,,,1,
django__django-13220,django/django,16218c20606d8cd89c5393970c83da04598a3e04,static,django/core/exceptions.py,68,68,medium,W0107: Unnecessary pass statement,False,,3,,1.187999999965541,,,,1,
django__django-13220,django/django,16218c20606d8cd89c5393970c83da04598a3e04,static,django/core/exceptions.py,73,73,medium,W0107: Unnecessary pass statement,False,,3,,1.187999999965541,,,,1,
django__django-13220,django/django,16218c20606d8cd89c5393970c83da04598a3e04,static,django/core/exceptions.py,78,78,medium,W0107: Unnecessary pass statement,False,,3,,1.187999999965541,,,,1,
django__django-13220,django/django,16218c20606d8cd89c5393970c83da04598a3e04,static,django/core/exceptions.py,83,83,medium,W0107: Unnecessary pass statement,False,,3,,1.187999999965541,,,,1,
django__django-13220,django/django,16218c20606d8cd89c5393970c83da04598a3e04,static,django/core/exceptions.py,88,88,medium,W0107: Unnecessary pass statement,False,,3,,1.187999999965541,,,,1,
django__django-13220,django/django,16218c20606d8cd89c5393970c83da04598a3e04,static,django/core/exceptions.py,93,93,medium,W0107: Unnecessary pass statement,False,,3,,1.187999999965541,,,,1,
django__django-13220,django/django,16218c20606d8cd89c5393970c83da04598a3e04,static,django/core/exceptions.py,129,129,medium,B020: Loop control variable `message` overrides iterable it iterates,False,,3,,1.187999999965541,,,,1,
django__django-13220,django/django,16218c20606d8cd89c5393970c83da04598a3e04,static,django/core/exceptions.py,148,148,medium,B009: Do not call `getattr` with a constant attribute value. It is not any safer than normal property access.,False,,3,,1.187999999965541,,,,1,
django__django-13220,django/django,16218c20606d8cd89c5393970c83da04598a3e04,static,django/core/exceptions.py,188,188,medium,W0107: Unnecessary pass statement,True,site-0002,3,,1.187999999965541,,,,1,
django__django-13220,django/django,16218c20606d8cd89c5393970c83da04598a3e04,static,django/core/exceptions.py,193,193,medium,W0107: Unnecessary pass statement,False,,3,,1.187999999965541,,,,1,
django__django-13315,django/django,36bc47069ce071e80c8129500de3b8664d2058a7,static,django/forms/models.py,218,218,high,E1121: Too many positional arguments for classmethod call,False,,3,,2.030999999959022,,,,1,
django__django-13315,django/django,36bc47069ce071e80c8129500de3b8664d2058a7,static,django/forms/models.py,471,471,high,E1139: Invalid metaclass 'ModelFormMetaclass' used,False,,3,,2.030999999959022,,,,1,
django__django-13315,django/django,36bc47069ce071e80c8129500de3b8664d2058a7,static,django/forms/models.py,1222,1222,high,E1003: Bad first argument 'ChoiceField' given to super(),False,,3,,2.030999999959022,,,,1,
django__django-13315,django/django,36bc47069ce071e80c8129500de3b8664d2058a7,static,django/forms/models.py,38,38,medium,W0212: Access to a protected member _meta of a client class,False,,3,,2.030999999959022,,,,1,
django__django-13315,django/django,36bc47069ce071e80c8129500de3b8664d2058a7,static,django/forms/models.py,85,85,medium,W0212: Access to a protected member _meta of a client class,False,,3,,2.030999999959022,,,,1,
django__django-13315,django/django,36bc47069ce071e80c8129500de3b8664d2058a7,static,django/forms/models.py,142,142,medium,W0212: Access to a protected member _meta of a client class,False,,3,,2.030999999959022,,,,1,
django__django-13315,django/django,36bc47069ce071e80c8129500de3b8664d2058a7,static,django/forms/models.py,318,318,medium,W0212: Access to a protected member _meta of a client class,False,,3,,2.030999999959022,,,,1,
django__django-13315,django/django,36bc47069ce071e80c8129500de3b8664d2058a7,static,django/forms/models.py,431,431,medium,W0212: Access to a protected member _meta of a client class,False,,3,,2.030999999959022,,,,1,
django__django-13315,django/django,36bc47069ce071e80c8129500de3b8664d2058a7,static,django/forms/models.py,454,454,medium,W0212: Access to a protected member _meta of a client class,False,,3,,2.030999999959022,,,,1,
django__django-13315,django/django,36bc47069ce071e80c8129500de3b8664d2058a7,static,django/forms/models.py,455,455,medium,W0212: Access to a protected member _state of a client class,False,,3,,2.030999999959022,,,,1,
django__django-13315,django/django,36bc47069ce071e80c8129500de3b8664d2058a7,static,django/forms/models.py,465,465,medium,W0201: Attribute 'save_m2m' defined outside __init__,False,,3,,2.030999999959022,,,,1,
django__django-13315,django/django,36bc47069ce071e80c8129500de3b8664d2058a7,static,django/forms/models.py,583,583,medium,W0201: Attribute '_object_dict' defined outside __init__,False,,3,,2.030999999959022,,,,1,
django__django-13315,django/django,36bc47069ce071e80c8129500de3b8664d2058a7,static,django/forms/models.py,599,599,medium,W0212: Access to a protected member _meta of a client class,False,,3,,2.030999999959022,,,,1,
django__django-13315,django/django,36bc47069ce071e80c8129500de3b8664d2058a7,static,django/forms/models.py,607,607,medium,W0212: Access to a protected member _meta of a client class,False,,3,,2.030999999959022,,,,1,
django__django-13315,django/django,36bc47069ce071e80c8129500de3b8664d2058a7,static,django/forms/models.py,626,626,medium,W0212: Access to a protected member _meta of a client class,False,,3,,2.030999999959022,,,,1,
django__django-13315,django/django,36bc47069ce071e80c8129500de3b8664d2058a7,static,django/forms/models.py,634,634,medium,W0212: Access to a protected member _default_manager of a client class,False,,3,,2.030999999959022,,,,1,
django__django-13315,django/django,36bc47069ce071e80c8129500de3b8664d2058a7,static,django/forms/models.py,640,640,medium,W0212: Access to a protected member _meta of a client class,False,,3,,2.030999999959022,,,,1,
django__django-13315,django/django,36bc47069ce071e80c8129500de3b8664d2058a7,static,django/forms/models.py,645,645,medium,W0201: Attribute '_queryset' defined outside __init__,False,,3,,2.030999999959022,,,,1,
django__django-13315,django/django,36bc47069ce071e80c8129500de3b8664d2058a7,static,django/forms/models.py,652,652,medium,W0613: Unused argument 'instance',False,,3,,2.030999999959022,,,,1,
django__django-13315,django/django,36bc47069ce071e80c8129500de3b8664d2058a7,static,django/forms/models.py,667,667,medium,W0201: Attribute 'saved_forms' defined outside __init__,False,,3,,2.030999999959022,,,,1,
django__django-13321,django/django,35b03788b0607c1f8d2b64e4fa9e1669b0907ea4,static,django/contrib/sessions/backends/base.py,29,29,medium,W0107: Unnecessary pass statement,False,,3,,1.7660000000614673,,,,1,
django__django-13321,django/django,35b03788b0607c1f8d2b64e4fa9e1669b0907ea4,static,django/contrib/sessions/backends/base.py,36,36,medium,W0107: Unnecessary pass statement,False,,3,,1.7660000000614673,,,,1,
django__django-13321,django/django,35b03788b0607c1f8d2b64e4fa9e1669b0907ea4,static,django/contrib/sessions/backends/base.py,124,124,medium,W0718: Catching too general exception Exception,True,site-0001,3,,1.7660000000614673,,,,1,
django__django-13321,django/django,35b03788b0607c1f8d2b64e4fa9e1669b0907ea4,static,django/contrib/sessions/backends/base.py,130,130,medium,W0622: Redefining built-in 'hash',False,,3,,1.7660000000614673,,,,1,
django__django-13321,django/django,35b03788b0607c1f8d2b64e4fa9e1669b0907ea4,static,django/contrib/sessions/backends/base.py,138,138,medium,W0622: Redefining built-in 'hash',False,,3,,1.7660000000614673,,,,1,
django__django-13321,django/django,35b03788b0607c1f8d2b64e4fa9e1669b0907ea4,static,django/contrib/sessions/backends/base.py,144,144,medium,W0718: Catching too general exception Exception,False,,3,,1.7660000000614673,,,,1,
django__django-13321,django/django,35b03788b0607c1f8d2b64e4fa9e1669b0907ea4,static,django/contrib/sessions/backends/base.py,172,172,medium,W0201: Attribute '_session_cache' defined outside __init__,False,,3,,1.7660000000614673,,,,1,
django__django-13321,django/django,35b03788b0607c1f8d2b64e4fa9e1669b0907ea4,static,django/contrib/sessions/backends/base.py,210,210,medium,W0201: Attribute '__session_key' defined outside __init__,False,,3,,1.7660000000614673,,,,1,
django__django-13321,django/django,35b03788b0607c1f8d2b64e4fa9e1669b0907ea4,static,django/contrib/sessions/backends/base.py,212,212,medium,W0201: Attribute '__session_key' defined outside __init__,False,,3,,1.7660000000614673,,,,1,
django__django-13321,django/django,35b03788b0607c1f8d2b64e4fa9e1669b0907ea4,static,django/contrib/sessions/backends/base.py,227,227,medium,W0201: Attribute '_session_cache' defined outside __init__,False,,3,,1.7660000000614673,,,,1,
django__django-13321,django/django,35b03788b0607c1f8d2b64e4fa9e1669b0907ea4,static,django/contrib/sessions/backends/base.py,229,229,medium,W0201: Attribute '_session_cache' defined outside __init__,False,,3,,1.7660000000614673,,,,1,
django__django-13321,django/django,35b03788b0607c1f8d2b64e4fa9e1669b0907ea4,static,django/contrib/sessions/backends/base.py,336,336,medium,W0201: Attribute '_session_cache' defined outside __init__,False,,3,,1.7660000000614673,,,,1,
django__django-13321,django/django,35b03788b0607c1f8d2b64e4fa9e1669b0907ea4,static,django/contrib/sessions/backends/base.py,130,130,low,A001: Variable `hash` is shadowing a Python builtin,False,,3,,1.7660000000614673,,,,1,
django__django-13321,django/django,35b03788b0607c1f8d2b64e4fa9e1669b0907ea4,static,django/contrib/sessions/backends/base.py,138,138,low,A001: Variable `hash` is shadowing a Python builtin,False,,3,,1.7660000000614673,,,,1,
django__django-13448,django/django,7b9596b974fb0ad1868b10c8c2174e10b72be403,static,django/db/backends/base/creation.py,190,190,high,E0606: Possibly using variable 'confirm' before assignment,False,,3,,1.5,,,,1,
django__django-13448,django/django,7b9596b974fb0ad1868b10c8c2174e10b72be403,static,django/db/backends/base/creation.py,25,25,medium,W0212: Access to a protected member _nodb_cursor of a client class,False,,3,,1.5,,,,1,
django__django-13448,django/django,7b9596b974fb0ad1868b10c8c2174e10b72be403,static,django/db/backends/base/creation.py,78,78,medium,W0212: Access to a protected member _test_serialized_contents of a client class,False,,3,,1.5,,,,1,
django__django-13448,django/django,7b9596b974fb0ad1868b10c8c2174e10b72be403,static,django/db/backends/base/creation.py,112,112,medium,W0212: Access to a protected member _meta of a client class,False,,3,,1.5,,,,1,
django__django-13448,django/django,7b9596b974fb0ad1868b10c8c2174e10b72be403,static,django/db/backends/base/creation.py,115,115,medium,W0212: Access to a protected member _default_manager of a client class,False,,3,,1.5,,,,1,
django__django-13448,django/django,7b9596b974fb0ad1868b10c8c2174e10b72be403,static,django/db/backends/base/creation.py,117,117,medium,W0212: Access to a protected member _meta of a client class,False,,3,,1.5,,,,1,
django__django-13448,django/django,7b9596b974fb0ad1868b10c8c2174e10b72be403,static,django/db/backends/base/creation.py,138,138,medium,W0212: Access to a protected member _meta of a client class,False,,3,,1.5,,,,1,
django__django-13448,django/django,7b9596b974fb0ad1868b10c8c2174e10b72be403,static,django/db/backends/base/creation.py,163,163,medium,W0613: Unused argument 'keepdb',False,,3,,1.5,,,,1,
django__django-13448,django/django,7b9596b974fb0ad1868b10c8c2174e10b72be403,static,django/db/backends/base/creation.py,179,179,medium,W0718: Catching too general exception Exception,False,,3,,1.5,,,,1,
django__django-13448,django/django,7b9596b974fb0ad1868b10c8c2174e10b72be403,static,django/db/backends/base/creation.py,198,198,medium,W0718: Catching too general exception Exception,False,,3,,1.5,,,,1,
django__django-13448,django/django,7b9596b974fb0ad1868b10c8c2174e10b72be403,static,django/db/backends/base/creation.py,198,200,medium,W0621: Redefining name 'e' from outer scope (line 179),False,,3,,1.5,,,,1,
django__django-13448,django/django,7b9596b974fb0ad1868b10c8c2174e10b72be403,static,django/db/backends/base/creation.py,207,207,medium,W0613: Unused argument 'autoclobber',False,,3,,1.5,,,,1,
django__django-13448,django/django,7b9596b974fb0ad1868b10c8c2174e10b72be403,static,django/db/backends/base/creation.py,274,274,medium,W0613: Unused argument 'verbosity',False,,3,,1.5,,,,1,
django__django-13590,django/django,755dbf39fcdc491fe9b588358303e259c7750be4,static,django/db/models/sql/query.py,286,286,medium,W0212: Access to a protected member _meta of a client class,False,,3,,3.344000000040978,,,,1,
django__django-13590,django/django,755dbf39fcdc491fe9b588358303e259c7750be4,static,django/db/models/sql/query.py,314,314,medium,W0212: Access to a protected member _annotation_select_cache of a client class,False,,3,,3.344000000040978,,,,1,
django__django-13590,django/django,755dbf39fcdc491fe9b588358303e259c7750be4,static,django/db/models/sql/query.py,321,321,medium,W0212: Access to a protected member _extra_select_cache of a client class,False,,3,,3.344000000040978,,,,1,
django__django-13590,django/django,755dbf39fcdc491fe9b588358303e259c7750be4,static,django/db/models/sql/query.py,323,323,medium,W0212: Access to a protected member _extra_select_cache of a client class,False,,3,,3.344000000040978,,,,1,
django__django-13590,django/django,755dbf39fcdc491fe9b588358303e259c7750be4,static,django/db/models/sql/query.py,331,331,medium,W0212: Access to a protected member _filtered_relations of a client class,False,,3,,3.344000000040978,,,,1,
django__django-13590,django/django,755dbf39fcdc491fe9b588358303e259c7750be4,static,django/db/models/sql/query.py,351,351,medium,W0212: Access to a protected member _setup_query of a client class,False,,3,,3.344000000040978,,,,1,
django__django-13590,django/django,755dbf39fcdc491fe9b588358303e259c7750be4,static,django/db/models/sql/query.py,379,379,medium,W0511: FIXME: These conditions are fairly arbitrary. Identify a better,False,,3,,3.344000000040978,,,,1,
django__django-13590,django/django,755dbf39fcdc491fe9b588358303e259c7750be4,static,django/db/models/sql/query.py,462,462,medium,W0212: Access to a protected member _meta of a client class,False,,3,,3.344000000040978,,,,1,
django__django-13590,django/django,755dbf39fcdc491fe9b588358303e259c7750be4,static,django/db/models/sql/query.py,483,483,medium,W0212: Access to a protected member _meta of a client class,False,,3,,3.344000000040978,,,,1,
django__django-13590,django/django,755dbf39fcdc491fe9b588358303e259c7750be4,static,django/db/models/sql/query.py,529,529,medium,W0212: Access to a protected member _meta of a client class,False,,3,,3.344000000040978,,,,1,
django__django-13590,django/django,755dbf39fcdc491fe9b588358303e259c7750be4,static,django/db/models/sql/query.py,545,545,medium,W0622: Redefining built-in 'format',False,,3,,3.344000000040978,,,,1,
django__django-13590,django/django,755dbf39fcdc491fe9b588358303e259c7750be4,static,django/db/models/sql/query.py,676,676,medium,W0212: Access to a protected member _meta of a client class,False,,3,,3.344000000040978,,,,1,
django__django-13590,django/django,755dbf39fcdc491fe9b588358303e259c7750be4,static,django/db/models/sql/query.py,687,687,medium,W0212: Access to a protected member _meta of a client class,False,,3,,3.344000000040978,,,,1,
django__django-13590,django/django,755dbf39fcdc491fe9b588358303e259c7750be4,static,django/db/models/sql/query.py,697,697,medium,W0212: Access to a protected member _meta of a client class,False,,3,,3.344000000040978,,,,1,
django__django-13590,django/django,755dbf39fcdc491fe9b588358303e259c7750be4,static,django/db/models/sql/query.py,710,710,medium,W0212: Access to a protected member _meta of a client class,False,,3,,3.344000000040978,,,,1,
django__django-13590,django/django,755dbf39fcdc491fe9b588358303e259c7750be4,static,django/db/models/sql/query.py,712,712,medium,W0212: Access to a protected member _meta of a client class,False,,3,,3.344000000040978,,,,1,
django__django-13590,django/django,755dbf39fcdc491fe9b588358303e259c7750be4,static,django/db/models/sql/query.py,1002,1002,medium,W0621: Redefining name 'chain' from outer scope (line 17),False,,3,,3.344000000040978,,,,1,
django__django-13590,django/django,755dbf39fcdc491fe9b588358303e259c7750be4,static,django/db/models/sql/query.py,1008,1008,medium,W0212: Access to a protected member _meta of a client class,False,,3,,3.344000000040978,,,,1,
django__django-13590,django/django,755dbf39fcdc491fe9b588358303e259c7750be4,static,django/db/models/sql/query.py,1016,1016,medium,W0212: Access to a protected member _meta of a client class,False,,3,,3.344000000040978,,,,1,
django__django-13590,django/django,755dbf39fcdc491fe9b588358303e259c7750be4,static,django/db/models/sql/query.py,1020,1020,medium,W0212: Access to a protected member _meta of a client class,False,,3,,3.344000000040978,,,,1,
django__django-13658,django/django,0773837e15bb632afffb6848a58c59a791008fa1,static,django/core/management/__init__.py,66,66,high,F821: Undefined name `__path__`,False,,3,,2.202999999979511,,,,1,
django__django-13658,django/django,0773837e15bb632afffb6848a58c59a791008fa1,static,django/core/management/__init__.py,107,107,medium,"B904: Within an `except` clause, raise exceptions with `raise ... from err` or `raise ... from None` to distinguish them from errors in exception handling",False,,3,,2.202999999979511,,,,1,
django__django-13658,django/django,0773837e15bb632afffb6848a58c59a791008fa1,static,django/core/management/__init__.py,107,107,medium,W0707: Consider explicitly re-raising using 'except KeyError as exc' and 'raise CommandError('Unknown command: %r' % command_name) from exc',False,,3,,2.202999999979511,,,,1,
django__django-13658,django/django,0773837e15bb632afffb6848a58c59a791008fa1,static,django/core/management/__init__.py,120,120,medium,W0212: Access to a protected member _actions of a client class,False,,3,,2.202999999979511,,,,1,
django__django-13658,django/django,0773837e15bb632afffb6848a58c59a791008fa1,static,django/core/management/__init__.py,132,132,medium,W0212: Access to a protected member _actions of a client class,False,,3,,2.202999999979511,,,,1,
django__django-13658,django/django,0773837e15bb632afffb6848a58c59a791008fa1,static,django/core/management/__init__.py,142,142,medium,W0212: Access to a protected member _mutually_exclusive_groups of a client class,False,,3,,2.202999999979511,,,,1,
django__django-13658,django/django,0773837e15bb632afffb6848a58c59a791008fa1,static,django/core/management/__init__.py,143,143,medium,W0212: Access to a protected member _group_actions of a client class,False,,3,,2.202999999979511,,,,1,
django__django-13658,django/django,0773837e15bb632afffb6848a58c59a791008fa1,static,django/core/management/__init__.py,161,161,medium,W0212: Access to a protected member _get_kwargs of a client class,False,,3,,2.202999999979511,,,,1,
django__django-13658,django/django,0773837e15bb632afffb6848a58c59a791008fa1,static,django/core/management/__init__.py,244,244,medium,B018: Found useless expression. Either assign it to a variable or remove it.,False,,3,,2.202999999979511,,,,1,
django__django-13658,django/django,0773837e15bb632afffb6848a58c59a791008fa1,static,django/core/management/__init__.py,244,244,medium,W0104: Statement seems to have no effect,False,,3,,2.202999999979511,,,,1,
django__django-13658,django/django,0773837e15bb632afffb6848a58c59a791008fa1,static,django/core/management/__init__.py,316,316,medium,W0212: Access to a protected member _actions of a client class,False,,3,,2.202999999979511,,,,1,
django__django-13658,django/django,0773837e15bb632afffb6848a58c59a791008fa1,static,django/core/management/__init__.py,358,358,medium,B018: Found useless expression. Either assign it to a variable or remove it.,False,,3,,2.202999999979511,,,,1,
django__django-13658,django/django,0773837e15bb632afffb6848a58c59a791008fa1,static,django/core/management/__init__.py,371,371,medium,W0718: Catching too general exception Exception,False,,3,,2.202999999979511,,,,1,
django__django-13757,django/django,3f140dde51c0fe6c350acb7727bbe489a99f0632,static,django/db/models/fields/json.py,11,11,high,E0402: Attempted relative import beyond top-level package,False,,3,,1.7339999999385327,,,,1,
django__django-13757,django/django,3f140dde51c0fe6c350acb7727bbe489a99f0632,static,django/db/models/fields/json.py,208,208,high,E0203: Access to member 'rhs' before its definition line 212,False,,3,,1.7339999999385327,,,,1,
django__django-13757,django/django,3f140dde51c0fe6c350acb7727bbe489a99f0632,static,django/db/models/fields/json.py,209,209,high,E0203: Access to member 'rhs' before its definition line 212,False,,3,,1.7339999999385327,,,,1,
django__django-13757,django/django,3f140dde51c0fe6c350acb7727bbe489a99f0632,static,django/db/models/fields/json.py,49,49,medium,W0212: Access to a protected member _meta of a client class,False,,3,,1.7339999999385327,,,,1,
django__django-13757,django/django,3f140dde51c0fe6c350acb7727bbe489a99f0632,static,django/db/models/fields/json.py,50,50,medium,W0212: Access to a protected member _meta of a client class,False,,3,,1.7339999999385327,,,,1,
django__django-13757,django/django,3f140dde51c0fe6c350acb7727bbe489a99f0632,static,django/db/models/fields/json.py,54,54,medium,W0212: Access to a protected member _meta of a client class,False,,3,,1.7339999999385327,,,,1,
django__django-13757,django/django,3f140dde51c0fe6c350acb7727bbe489a99f0632,static,django/db/models/fields/json.py,75,75,medium,W0613: Unused argument 'connection',False,,3,,1.7339999999385327,,,,1,
django__django-13757,django/django,3f140dde51c0fe6c350acb7727bbe489a99f0632,static,django/db/models/fields/json.py,106,110,medium,"B904: Within an `except` clause, raise exceptions with `raise ... from err` or `raise ... from None` to distinguish them from errors in exception handling",False,,3,,1.7339999999385327,,,,1,
django__django-13757,django/django,3f140dde51c0fe6c350acb7727bbe489a99f0632,static,django/db/models/fields/json.py,106,110,medium,"W0707: Consider explicitly re-raising using 'except TypeError as exc' and 'raise exceptions.ValidationError(self.error_messages['invalid'], code='invalid', params={'value': value}) from exc'",False,,3,,1.7339999999385327,,,,1,
django__django-13757,django/django,3f140dde51c0fe6c350acb7727bbe489a99f0632,static,django/db/models/fields/json.py,211,211,medium,W0201: Attribute 'lhs' defined outside __init__,False,,3,,1.7339999999385327,,,,1,
django__django-13757,django/django,3f140dde51c0fe6c350acb7727bbe489a99f0632,static,django/db/models/fields/json.py,212,212,medium,W0201: Attribute 'rhs' defined outside __init__,False,,3,,1.7339999999385327,,,,1,
django__django-13757,django/django,3f140dde51c0fe6c350acb7727bbe489a99f0632,static,django/db/models/fields/json.py,432,432,medium,W0612: Unused variable 'rhs',False,,3,,1.7339999999385327,,,,1,
django__django-13768,django/django,965d2d95c630939b53eb60d9c169f5dfc77ee0c6,static,django/dispatch/dispatcher.py,53,53,medium,W0621: Redefining name 'receiver' from outer scope (line 274),False,,3,,1.547000000020489,,,,1,
django__django-13768,django/django,965d2d95c630939b53eb60d9c169f5dfc77ee0c6,static,django/dispatch/dispatcher.py,117,117,medium,W0621: Redefining name 'receiver' from outer scope (line 274),False,,3,,1.547000000020489,,,,1,
django__django-13768,django/django,965d2d95c630939b53eb60d9c169f5dfc77ee0c6,static,django/dispatch/dispatcher.py,207,207,medium,W0621: Redefining name 'receiver' from outer scope (line 274),True,site-0003,3,,1.547000000020489,,,,1,
django__django-13768,django/django,965d2d95c630939b53eb60d9c169f5dfc77ee0c6,static,django/dispatch/dispatcher.py,210,210,medium,W0718: Catching too general exception Exception,True,site-0003,3,,1.547000000020489,,,,1,
django__django-13768,django/django,965d2d95c630939b53eb60d9c169f5dfc77ee0c6,static,django/dispatch/dispatcher.py,244,244,medium,B007: Loop control variable `receiverkey` not used within loop body,False,,3,,1.547000000020489,,,,1,
django__django-13768,django/django,965d2d95c630939b53eb60d9c169f5dfc77ee0c6,static,django/dispatch/dispatcher.py,244,244,medium,W0621: Redefining name 'receiver' from outer scope (line 274),False,,3,,1.547000000020489,,,,1,
django__django-13768,django/django,965d2d95c630939b53eb60d9c169f5dfc77ee0c6,static,django/dispatch/dispatcher.py,244,244,medium,W0612: Unused variable 'receiverkey',False,,3,,1.547000000020489,,,,1,
django__django-13768,django/django,965d2d95c630939b53eb60d9c169f5dfc77ee0c6,static,django/dispatch/dispatcher.py,264,264,medium,W0621: Redefining name 'receiver' from outer scope (line 274),False,,3,,1.547000000020489,,,,1,
django__django-13768,django/django,965d2d95c630939b53eb60d9c169f5dfc77ee0c6,static,django/dispatch/dispatcher.py,264,264,medium,W0613: Unused argument 'receiver',False,,3,,1.547000000020489,,,,1,
django__django-14017,django/django,466920f6d726eee90d5566e0a9948e92b33a122e,static,django/db/models/query_utils.py,73,73,medium,W0613: Unused argument 'summarize',False,,3,,2.077999999979511,,,,1,
django__django-14017,django/django,466920f6d726eee90d5566e0a9948e92b33a122e,static,django/db/models/query_utils.py,76,76,medium,W0212: Access to a protected member _add_q of a client class,False,,3,,2.077999999979511,,,,1,
django__django-14017,django/django,466920f6d726eee90d5566e0a9948e92b33a122e,static,django/db/models/query_utils.py,133,133,medium,W0212: Access to a protected member _meta of a client class,False,,3,,2.077999999979511,,,,1,
django__django-14017,django/django,466920f6d726eee90d5566e0a9948e92b33a122e,static,django/db/models/query_utils.py,239,239,medium,W0212: Access to a protected member _meta of a client class,False,,3,,2.077999999979511,,,,1,
django__django-14017,django/django,466920f6d726eee90d5566e0a9948e92b33a122e,static,django/db/models/query_utils.py,266,266,medium,W0212: Access to a protected member _meta of a client class,False,,3,,2.077999999979511,,,,1,
django__django-14017,django/django,466920f6d726eee90d5566e0a9948e92b33a122e,static,django/db/models/query_utils.py,267,267,medium,W0212: Access to a protected member _meta of a client class,False,,3,,2.077999999979511,,,,1,
django__django-14017,django/django,466920f6d726eee90d5566e0a9948e92b33a122e,static,django/db/models/query_utils.py,281,281,medium,W0212: Access to a protected member _meta of a client class,False,,3,,2.077999999979511,,,,1,
django__django-14017,django/django,466920f6d726eee90d5566e0a9948e92b33a122e,static,django/db/models/query_utils.py,288,288,medium,"B008: Do not perform function call `Q` in argument defaults; instead, perform the call within the function, or read the default from a module-level singleton variable",False,,3,,2.077999999979511,,,,1,
django__django-14017,django/django,466920f6d726eee90d5566e0a9948e92b33a122e,static,django/db/models/query_utils.py,320,320,medium,W0613: Unused argument 'connection',False,,3,,2.077999999979511,,,,1,
django__django-14155,django/django,2f13c476abe4ba787b6cb71131818341911f43cc,static,django/urls/resolvers.py,27,27,high,E0402: Attempted relative import beyond top-level package,False,,3,,2.719000000040978,,,,1,
django__django-14155,django/django,2f13c476abe4ba787b6cb71131818341911f43cc,static,django/urls/resolvers.py,28,28,high,E0402: Attempted relative import beyond top-level package,False,,3,,2.719000000040978,,,,1,
django__django-14155,django/django,2f13c476abe4ba787b6cb71131818341911f43cc,static,django/urls/resolvers.py,29,29,high,E0402: Attempted relative import beyond top-level package,False,,3,,2.719000000040978,,,,1,
django__django-14155,django/django,2f13c476abe4ba787b6cb71131818341911f43cc,static,django/urls/resolvers.py,412,412,high,E1133: Non-iterable value self.url_patterns is used in an iterating context,False,,3,,2.719000000040978,,,,1,
django__django-14155,django/django,2f13c476abe4ba787b6cb71131818341911f43cc,static,django/urls/resolvers.py,460,460,high,E0111: The first reversed() argument is not a sequence,False,,3,,2.719000000040978,,,,1,
django__django-14155,django/django,2f13c476abe4ba787b6cb71131818341911f43cc,static,django/urls/resolvers.py,556,556,high,E1133: Non-iterable value self.url_patterns is used in an iterating context,False,,3,,2.719000000040978,,,,1,
django__django-14155,django/django,2f13c476abe4ba787b6cb71131818341911f43cc,static,django/urls/resolvers.py,18,18,medium,W0622: Redefining built-in 'Warning',False,,3,,2.719000000040978,,,,1,
django__django-14155,django/django,2f13c476abe4ba787b6cb71131818341911f43cc,static,django/urls/resolvers.py,360,360,medium,W0612: Unused variable 'new_path',False,,3,,2.719000000040978,,,,1,
django__django-14155,django/django,2f13c476abe4ba787b6cb71131818341911f43cc,static,django/urls/resolvers.py,477,477,medium,W0212: Access to a protected member _populate of a client class,False,,3,,2.719000000040978,,,,1,
django__django-14155,django/django,2f13c476abe4ba787b6cb71131818341911f43cc,static,django/urls/resolvers.py,483,483,medium,B007: Loop control variable `matches` not used within loop body,False,,3,,2.719000000040978,,,,1,
django__django-14155,django/django,2f13c476abe4ba787b6cb71131818341911f43cc,static,django/urls/resolvers.py,483,483,medium,W0612: Unused variable 'matches',False,,3,,2.719000000040978,,,,1,
django__django-14155,django/django,2f13c476abe4ba787b6cb71131818341911f43cc,static,django/urls/resolvers.py,500,500,medium,W0212: Access to a protected member _callback_strs of a client class,False,,3,,2.719000000040978,,,,1,
django__django-14155,django/django,2f13c476abe4ba787b6cb71131818341911f43cc,static,django/urls/resolvers.py,18,18,low,A004: Import `Warning` is shadowing a Python builtin,False,,3,,2.719000000040978,,,,1,
django__django-14382,django/django,29345aecf6e8d53ccb3577a3762bb0c263f7558d,static,django/core/management/templates.py,59,59,medium,W0201: Attribute 'app_or_project' defined outside __init__,False,,3,,2.327999999979511,,,,1,
django__django-14382,django/django,29345aecf6e8d53ccb3577a3762bb0c263f7558d,static,django/core/management/templates.py,60,60,medium,W0201: Attribute 'a_or_an' defined outside __init__,False,,3,,2.327999999979511,,,,1,
django__django-14382,django/django,29345aecf6e8d53ccb3577a3762bb0c263f7558d,static,django/core/management/templates.py,61,61,medium,W0201: Attribute 'paths_to_remove' defined outside __init__,False,,3,,2.327999999979511,,,,1,
django__django-14382,django/django,29345aecf6e8d53ccb3577a3762bb0c263f7558d,static,django/core/management/templates.py,62,62,medium,W0201: Attribute 'verbosity' defined outside __init__,False,,3,,2.327999999979511,,,,1,
django__django-14382,django/django,29345aecf6e8d53ccb3577a3762bb0c263f7558d,static,django/core/management/templates.py,72,72,medium,"B904: Within an `except` clause, raise exceptions with `raise ... from err` or `raise ... from None` to distinguish them from errors in exception handling",True,site-0001,3,,2.327999999979511,,,,1,
django__django-14382,django/django,29345aecf6e8d53ccb3577a3762bb0c263f7558d,static,django/core/management/templates.py,72,72,medium,"W0707: Consider explicitly re-raising using 'except FileExistsError as exc' and 'raise CommandError(""'%s' already exists"" % top_dir) from exc'",True,site-0001,3,,2.327999999979511,,,,1,
django__django-14382,django/django,29345aecf6e8d53ccb3577a3762bb0c263f7558d,static,django/core/management/templates.py,74,74,medium,"B904: Within an `except` clause, raise exceptions with `raise ... from err` or `raise ... from None` to distinguish them from errors in exception handling",True,site-0001,3,,2.327999999979511,,,,1,
django__django-14382,django/django,29345aecf6e8d53ccb3577a3762bb0c263f7558d,static,django/core/management/templates.py,74,74,medium,W0707: Consider explicitly re-raising using 'raise CommandError(e) from e',True,site-0001,3,,2.327999999979511,,,,1,
django__django-14382,django/django,29345aecf6e8d53ccb3577a3762bb0c263f7558d,static,django/core/management/templates.py,267,268,medium,"B904: Within an `except` clause, raise exceptions with `raise ... from err` or `raise ... from None` to distinguish them from errors in exception handling",False,,3,,2.327999999979511,,,,1,
django__django-14382,django/django,29345aecf6e8d53ccb3577a3762bb0c263f7558d,static,django/core/management/templates.py,267,268,medium,"W0707: Consider explicitly re-raising using 'raise CommandError(""couldn't download URL %s to %s: %s"" % (url, filename, e)) from e'",False,,3,,2.327999999979511,,,,1,
django__django-14382,django/django,29345aecf6e8d53ccb3577a3762bb0c263f7558d,static,django/core/management/templates.py,322,323,medium,"B904: Within an `except` clause, raise exceptions with `raise ... from err` or `raise ... from None` to distinguish them from errors in exception handling",False,,3,,2.327999999979511,,,,1,
django__django-14382,django/django,29345aecf6e8d53ccb3577a3762bb0c263f7558d,static,django/core/management/templates.py,322,323,medium,"W0707: Consider explicitly re-raising using 'raise CommandError(""couldn't extract file %s to %s: %s"" % (filename, tempdir, e)) from e'",False,,3,,2.327999999979511,,,,1,
django__django-14580,django/django,36fa071d6ebd18a61c4d7f1b5c9d17106134bd44,static,django/db/migrations/serializer.py,200,200,medium,W0612: Unused variable 'attr_name',False,,3,,2.969000000040978,,,,1,
django__django-14580,django/django,36fa071d6ebd18a61c4d7f1b5c9d17106134bd44,static,django/db/migrations/serializer.py,350,350,medium,W0212: Access to a protected member _registry of a client class,False,,3,,2.969000000040978,,,,1,
django__django-14752,django/django,b64db05b9cedd96905d637a2d824cbbf428e40e7,static,django/contrib/admin/views/autocomplete.py,12,12,medium,W0613: Unused argument 'args',True,site-0001,3,,1.140999999945052,,,,1,
django__django-14752,django/django,b64db05b9cedd96905d637a2d824cbbf428e40e7,static,django/contrib/admin/views/autocomplete.py,20,20,medium,W0201: Attribute 'term' defined outside __init__,True,site-0001,3,,1.140999999945052,,,,1,
django__django-14752,django/django,b64db05b9cedd96905d637a2d824cbbf428e40e7,static,django/contrib/admin/views/autocomplete.py,25,25,medium,W0201: Attribute 'object_list' defined outside __init__,True,site-0002,3,,1.140999999945052,,,,1,
django__django-14752,django/django,b64db05b9cedd96905d637a2d824cbbf428e40e7,static,django/contrib/admin/views/autocomplete.py,74,74,medium,W0212: Access to a protected member _meta of a client class,False,,3,,1.140999999945052,,,,1,
django__django-14752,django/django,b64db05b9cedd96905d637a2d824cbbf428e40e7,static,django/contrib/admin/views/autocomplete.py,82,82,medium,W0212: Access to a protected member _registry of a client class,False,,3,,1.140999999945052,,,,1,
django__django-14752,django/django,b64db05b9cedd96905d637a2d824cbbf428e40e7,static,django/contrib/admin/views/autocomplete.py,93,93,medium,W0212: Access to a protected member _meta of a client class,False,,3,,1.140999999945052,,,,1,
django__django-14752,django/django,b64db05b9cedd96905d637a2d824cbbf428e40e7,static,django/contrib/admin/views/autocomplete.py,94,94,medium,W0212: Access to a protected member _meta of a client class,False,,3,,1.140999999945052,,,,1,
django__django-14787,django/django,004b4620f6f4ad87261e149898940f2dcd5757ef,static,django/utils/decorators.py,17,17,medium,W0613: Unused argument 'args',False,,3,,1.2349999999860302,,,,1,
django__django-14855,django/django,475cffd1d64c690cdad16ede4d5e81985738ceb4,static,django/contrib/admin/helpers.py,208,208,medium,W0212: Access to a protected member _meta of a client class,True,site-0001,3,,1.672000000020489,,,,1,
django__django-14855,django/django,475cffd1d64c690cdad16ede4d5e81985738ceb4,static,django/contrib/admin/helpers.py,209,209,medium,W0212: Access to a protected member _meta of a client class,True,site-0001,3,,1.672000000020489,,,,1,
django__django-14855,django/django,475cffd1d64c690cdad16ede4d5e81985738ceb4,static,django/contrib/admin/helpers.py,305,305,medium,W0212: Access to a protected member _meta of a client class,False,,3,,1.672000000020489,,,,1,
django__django-14855,django/django,475cffd1d64c690cdad16ede4d5e81985738ceb4,static,django/contrib/admin/helpers.py,306,306,medium,W0212: Access to a protected member _meta of a client class,False,,3,,1.672000000020489,,,,1,
django__django-14855,django/django,475cffd1d64c690cdad16ede4d5e81985738ceb4,static,django/contrib/admin/helpers.py,307,307,medium,B007: Loop control variable `i` not used within loop body,False,,3,,1.672000000020489,,,,1,
django__django-14855,django/django,475cffd1d64c690cdad16ede4d5e81985738ceb4,static,django/contrib/admin/helpers.py,307,307,medium,W0612: Unused variable 'i',False,,3,,1.672000000020489,,,,1,
django__django-14855,django/django,475cffd1d64c690cdad16ede4d5e81985738ceb4,static,django/contrib/admin/helpers.py,392,392,medium,W0212: Access to a protected member _meta of a client class,False,,3,,1.672000000020489,,,,1,
django__django-14855,django/django,475cffd1d64c690cdad16ede4d5e81985738ceb4,static,django/contrib/admin/helpers.py,396,396,medium,W0212: Access to a protected member _meta of a client class,False,,3,,1.672000000020489,,,,1,
django__django-14855,django/django,475cffd1d64c690cdad16ede4d5e81985738ceb4,static,django/contrib/admin/helpers.py,397,397,medium,W0212: Access to a protected member _meta of a client class,False,,3,,1.672000000020489,,,,1,
django__django-14855,django/django,475cffd1d64c690cdad16ede4d5e81985738ceb4,static,django/contrib/admin/helpers.py,401,401,medium,W0212: Access to a protected member _pk_field of a client class,False,,3,,1.672000000020489,,,,1,
django__django-14997,django/django,0d4e575c96d408e0efb4dfd0cbfc864219776950,static,django/db/backends/ddl_references.py,11,11,medium,W0613: Unused argument 'table',False,,3,,1.202999999979511,,,,1,
django__django-14997,django/django,0d4e575c96d408e0efb4dfd0cbfc864219776950,static,django/db/backends/ddl_references.py,17,17,medium,W0613: Unused argument 'table',False,,3,,1.202999999979511,,,,1,
django__django-14997,django/django,0d4e575c96d408e0efb4dfd0cbfc864219776950,static,django/db/backends/ddl_references.py,27,27,medium,W0107: Unnecessary pass statement,False,,3,,1.202999999979511,,,,1,
django__django-14997,django/django,0d4e575c96d408e0efb4dfd0cbfc864219776950,static,django/db/backends/ddl_references.py,33,33,medium,W0107: Unnecessary pass statement,False,,3,,1.202999999979511,,,,1,
django__django-14997,django/django,0d4e575c96d408e0efb4dfd0cbfc864219776950,static,django/db/backends/ddl_references.py,63,63,medium,W0231: __init__ method from base class 'Table' is not called,False,,3,,1.202999999979511,,,,1,
django__django-14997,django/django,0d4e575c96d408e0efb4dfd0cbfc864219776950,static,django/db/backends/ddl_references.py,217,217,medium,W0212: Access to a protected member _gen_cols of a client class,True,site-0001,3,,1.202999999979511,,,,1,
django__django-14997,django/django,0d4e575c96d408e0efb4dfd0cbfc864219776950,static,django/db/backends/ddl_references.py,227,227,medium,W0212: Access to a protected member _gen_cols of a client class,False,,3,,1.202999999979511,,,,1,
django__django-15347,django/django,7c4f3965098baad2396e24501e09237425a7bd6f,static,django/contrib/messages/storage/cookie.py,17,17,medium,W0237: Parameter 'o' has been renamed to 'obj' in overriding 'MessageEncoder.default' method,True,site-0001,3,,1.5309999999590218,,,,1,
django__django-15347,django/django,7c4f3965098baad2396e24501e09237425a7bd6f,static,django/contrib/messages/storage/cookie.py,45,45,medium,W0221: Number of parameters was 3 in 'JSONDecoder.decode' and is now 3 in overriding 'MessageDecoder.decode' method,False,,3,,1.5309999999590218,,,,1,
django__django-15347,django/django,7c4f3965098baad2396e24501e09237425a7bd6f,static,django/contrib/messages/storage/cookie.py,78,78,medium,W0613: Unused argument 'args',False,,3,,1.5309999999590218,,,,1,
django__django-15347,django/django,7c4f3965098baad2396e24501e09237425a7bd6f,static,django/contrib/messages/storage/cookie.py,113,113,medium,W1113: Keyword argument before variable positional arguments list in the definition of _store function,False,,3,,1.5309999999590218,,,,1,
django__django-15347,django/django,7c4f3965098baad2396e24501e09237425a7bd6f,static,django/contrib/messages/storage/cookie.py,113,113,medium,W0613: Unused argument 'args',False,,3,,1.5309999999590218,,,,1,
django__django-15347,django/django,7c4f3965098baad2396e24501e09237425a7bd6f,static,django/contrib/messages/storage/cookie.py,168,168,medium,W0201: Attribute 'used' defined outside __init__,False,,3,,1.5309999999590218,,,,1,
django__django-15695,django/django,647480166bfe7532e8c471fef0146e3a17e6c0c9,static,django/db/migrations/operations/models.py,8,8,high,E0402: Attempted relative import beyond top-level package,False,,3,,1.6400000000139698,,,,1,
django__django-15695,django/django,647480166bfe7532e8c471fef0146e3a17e6c0c9,static,django/db/migrations/operations/models.py,577,577,high,E1133: Non-iterable value self.option_value is used in an iterating context,False,,3,,1.6400000000139698,,,,1,
django__django-15695,django/django,647480166bfe7532e8c471fef0146e3a17e6c0c9,static,django/db/migrations/operations/models.py,29,29,medium,W0613: Unused argument 'app_label',False,,3,,1.6400000000139698,,,,1,
django__django-15695,django/django,647480166bfe7532e8c471fef0146e3a17e6c0c9,static,django/db/migrations/operations/models.py,30,30,medium,"W0143: Comparing against a callable, did you omit the parenthesis?",False,,3,,1.6400000000139698,,,,1,
django__django-15695,django/django,647480166bfe7532e8c471fef0146e3a17e6c0c9,static,django/db/migrations/operations/models.py,93,93,medium,W0613: Unused argument 'from_state',False,,3,,1.6400000000139698,,,,1,
django__django-15695,django/django,647480166bfe7532e8c471fef0146e3a17e6c0c9,static,django/db/migrations/operations/models.py,98,98,medium,W0613: Unused argument 'to_state',False,,3,,1.6400000000139698,,,,1,
django__django-15695,django/django,647480166bfe7532e8c471fef0146e3a17e6c0c9,static,django/db/migrations/operations/models.py,115,115,medium,"W0143: Comparing against a callable, did you omit the parenthesis?",False,,3,,1.6400000000139698,,,,1,
django__django-15695,django/django,647480166bfe7532e8c471fef0146e3a17e6c0c9,static,django/db/migrations/operations/models.py,139,139,medium,"W0143: Comparing against a callable, did you omit the parenthesis?",False,,3,,1.6400000000139698,,,,1,
django__django-15695,django/django,647480166bfe7532e8c471fef0146e3a17e6c0c9,static,django/db/migrations/operations/models.py,145,145,medium,"W0143: Comparing against a callable, did you omit the parenthesis?",False,,3,,1.6400000000139698,,,,1,
django__django-15695,django/django,647480166bfe7532e8c471fef0146e3a17e6c0c9,static,django/db/migrations/operations/models.py,158,158,medium,"W0143: Comparing against a callable, did you omit the parenthesis?",False,,3,,1.6400000000139698,,,,1,
django__django-15695,django/django,647480166bfe7532e8c471fef0146e3a17e6c0c9,static,django/db/migrations/operations/models.py,175,175,medium,"W0143: Comparing against a callable, did you omit the parenthesis?",False,,3,,1.6400000000139698,,,,1,
django__django-15695,django/django,647480166bfe7532e8c471fef0146e3a17e6c0c9,static,django/db/migrations/operations/models.py,188,188,medium,"W0143: Comparing against a callable, did you omit the parenthesis?",False,,3,,1.6400000000139698,,,,1,
django__django-15695,django/django,647480166bfe7532e8c471fef0146e3a17e6c0c9,static,django/db/migrations/operations/models.py,204,204,medium,"W0143: Comparing against a callable, did you omit the parenthesis?",False,,3,,1.6400000000139698,,,,1,
django__django-15695,django/django,647480166bfe7532e8c471fef0146e3a17e6c0c9,static,django/db/migrations/operations/models.py,220,220,medium,"W0143: Comparing against a callable, did you omit the parenthesis?",False,,3,,1.6400000000139698,,,,1,
django__django-15695,django/django,647480166bfe7532e8c471fef0146e3a17e6c0c9,static,django/db/migrations/operations/models.py,321,321,medium,W0613: Unused argument 'to_state',False,,3,,1.6400000000139698,,,,1,
django__django-15695,django/django,647480166bfe7532e8c471fef0146e3a17e6c0c9,static,django/db/migrations/operations/models.py,326,326,medium,W0613: Unused argument 'from_state',False,,3,,1.6400000000139698,,,,1,
django__django-15695,django/django,647480166bfe7532e8c471fef0146e3a17e6c0c9,static,django/db/migrations/operations/models.py,374,374,medium,W0212: Access to a protected member _meta of a client class,False,,3,,1.6400000000139698,,,,1,
django__django-15695,django/django,647480166bfe7532e8c471fef0146e3a17e6c0c9,static,django/db/migrations/operations/models.py,375,375,medium,W0212: Access to a protected member _meta of a client class,False,,3,,1.6400000000139698,,,,1,
django__django-15695,django/django,647480166bfe7532e8c471fef0146e3a17e6c0c9,static,django/db/migrations/operations/models.py,382,382,medium,W0212: Access to a protected member _meta of a client class,False,,3,,1.6400000000139698,,,,1,
django__django-15695,django/django,647480166bfe7532e8c471fef0146e3a17e6c0c9,static,django/db/migrations/operations/models.py,389,389,medium,W0212: Access to a protected member _meta of a client class,False,,3,,1.6400000000139698,,,,1,
django__django-15789,django/django,d4d5427571b4bf3a21c902276c2a00215c2a37cc,static,django/utils/html.py,139,139,medium,W0223: Method 'error' is abstract in class 'ParserBase' but is not overridden in child class 'MLStripper',False,,3,,1.9690000000409782,,,,1,
django__django-15789,django/django,d4d5427571b4bf3a21c902276c2a00215c2a37cc,static,django/utils/html.py,145,145,medium,W0237: Parameter 'data' has been renamed to 'd' in overriding 'MLStripper.handle_data' method,False,,3,,1.9690000000409782,,,,1,
django__django-15789,django/django,d4d5427571b4bf3a21c902276c2a00215c2a37cc,static,django/utils/html.py,375,375,medium,W0612: Unused variable 'p1',False,,3,,1.9690000000409782,,,,1,
django__django-15789,django/django,d4d5427571b4bf3a21c902276c2a00215c2a37cc,static,django/utils/html.py,420,420,medium,W0108: Lambda may not be necessary,False,,3,,1.9690000000409782,,,,1,
django__django-15902,django/django,44c24bf02835323d5418512ebe8e76166739ebf8,static,django/forms/formsets.py,208,208,medium,W0613: Unused argument 'index',False,,3,,1.3439999999245629,,,,1,
django__django-15902,django/django,44c24bf02835323d5418512ebe8e76166739ebf8,static,django/forms/formsets.py,288,288,medium,W0201: Attribute '_deleted_form_indexes' defined outside __init__,False,,3,,1.3439999999245629,,,,1,
django__django-15902,django/django,44c24bf02835323d5418512ebe8e76166739ebf8,static,django/forms/formsets.py,312,312,medium,W0201: Attribute '_ordering' defined outside __init__,False,,3,,1.3439999999245629,,,,1,
django__django-15902,django/django,44c24bf02835323d5418512ebe8e76166739ebf8,static,django/forms/formsets.py,381,381,medium,B018: Found useless expression. Either assign it to a variable or remove it.,False,,3,,1.3439999999245629,,,,1,
django__django-15902,django/django,44c24bf02835323d5418512ebe8e76166739ebf8,static,django/forms/formsets.py,381,381,medium,W0104: Statement seems to have no effect,False,,3,,1.3439999999245629,,,,1,
django__django-15902,django/django,44c24bf02835323d5418512ebe8e76166739ebf8,static,django/forms/formsets.py,468,468,medium,W0107: Unnecessary pass statement,False,,3,,1.3439999999245629,,,,1,
django__django-15902,django/django,44c24bf02835323d5418512ebe8e76166739ebf8,static,django/forms/formsets.py,507,507,medium,W0125: Using a conditional statement with a constant value,False,,3,,1.3439999999245629,,,,1,
django__django-15902,django/django,44c24bf02835323d5418512ebe8e76166739ebf8,static,django/forms/formsets.py,516,516,medium,W0125: Using a conditional statement with a constant value,False,,3,,1.3439999999245629,,,,1,
django__django-16400,django/django,0bd2c0c9015b53c41394a1c0989afbfd94dc2830,static,django/contrib/auth/management/__init__.py,84,84,medium,W0212: Access to a protected member _meta of a client class,False,,3,,1.2040000000270084,,,,1,
django__django-16400,django/django,0bd2c0c9015b53c41394a1c0989afbfd94dc2830,static,django/contrib/auth/management/__init__.py,139,139,medium,W0212: Access to a protected member _meta of a client class,False,,3,,1.2040000000270084,,,,1,
django__django-16400,django/django,0bd2c0c9015b53c41394a1c0989afbfd94dc2830,static,django/contrib/auth/management/__init__.py,156,156,medium,W0212: Access to a protected member _meta of a client class,False,,3,,1.2040000000270084,,,,1,
django__django-16400,django/django,0bd2c0c9015b53c41394a1c0989afbfd94dc2830,static,django/contrib/auth/management/__init__.py,163,163,medium,W0212: Access to a protected member _default_manager of a client class,False,,3,,1.2040000000270084,,,,1,
django__django-16408,django/django,ef85b6bf0bc5a8b194f0724cf5bbedbcee402b96,static,django/db/models/sql/compiler.py,67,67,medium,W0201: Attribute 'col_count' defined outside __init__,False,,3,,2.9380000000819564,,,,1,
django__django-16408,django/django,ef85b6bf0bc5a8b194f0724cf5bbedbcee402b96,static,django/db/models/sql/compiler.py,77,77,medium,W0201: Attribute 'where' defined outside __init__,False,,3,,2.9380000000819564,,,,1,
django__django-16408,django/django,ef85b6bf0bc5a8b194f0724cf5bbedbcee402b96,static,django/db/models/sql/compiler.py,81,81,medium,W0201: Attribute 'has_extra_select' defined outside __init__,False,,3,,2.9380000000819564,,,,1,
django__django-16408,django/django,ef85b6bf0bc5a8b194f0724cf5bbedbcee402b96,static,django/db/models/sql/compiler.py,155,155,medium,B007: Loop control variable `sql` not used within loop body,False,,3,,2.9380000000819564,,,,1,
django__django-16408,django/django,ef85b6bf0bc5a8b194f0724cf5bbedbcee402b96,static,django/db/models/sql/compiler.py,518,518,medium,W0622: Redefining built-in 'all',False,,3,,2.9380000000819564,,,,1,
django__django-16408,django/django,ef85b6bf0bc5a8b194f0724cf5bbedbcee402b96,static,django/db/models/sql/compiler.py,638,638,medium,W0201: Attribute 'qualify' defined outside __init__,False,,3,,2.9380000000819564,,,,1,
django__django-16408,django/django,ef85b6bf0bc5a8b194f0724cf5bbedbcee402b96,static,django/db/models/sql/compiler.py,891,891,medium,B007: Loop control variable `index` not used within loop body,False,,3,,2.9380000000819564,,,,1,
django__django-16408,django/django,ef85b6bf0bc5a8b194f0724cf5bbedbcee402b96,static,django/db/models/sql/compiler.py,891,891,medium,W0612: Unused variable 'index',False,,3,,2.9380000000819564,,,,1,
django__django-16408,django/django,ef85b6bf0bc5a8b194f0724cf5bbedbcee402b96,static,django/db/models/sql/compiler.py,944,944,medium,W0212: Access to a protected member _meta of a client class,False,,3,,2.9380000000819564,,,,1,
django__django-16408,django/django,ef85b6bf0bc5a8b194f0724cf5bbedbcee402b96,static,django/db/models/sql/compiler.py,953,953,medium,W0212: Access to a protected member _meta of a client class,False,,3,,2.9380000000819564,,,,1,
django__django-16408,django/django,ef85b6bf0bc5a8b194f0724cf5bbedbcee402b96,static,django/db/models/sql/compiler.py,1137,1137,medium,W0212: Access to a protected member _filtered_relations of a client class,False,,3,,2.9380000000819564,,,,1,
django__django-16408,django/django,ef85b6bf0bc5a8b194f0724cf5bbedbcee402b96,static,django/db/models/sql/compiler.py,1164,1164,medium,W0622: Redefining built-in 'next',False,,3,,2.9380000000819564,,,,1,
django__django-16408,django/django,ef85b6bf0bc5a8b194f0724cf5bbedbcee402b96,static,django/db/models/sql/compiler.py,1198,1198,medium,W0212: Access to a protected member _meta of a client class,False,,3,,2.9380000000819564,,,,1,
django__django-16408,django/django,ef85b6bf0bc5a8b194f0724cf5bbedbcee402b96,static,django/db/models/sql/compiler.py,1207,1207,medium,W0212: Access to a protected member _meta of a client class,False,,3,,2.9380000000819564,,,,1,
django__django-16408,django/django,ef85b6bf0bc5a8b194f0724cf5bbedbcee402b96,static,django/db/models/sql/compiler.py,1253,1253,medium,W0212: Access to a protected member _meta of a client class,False,,3,,2.9380000000819564,,,,1,
django__django-16408,django/django,ef85b6bf0bc5a8b194f0724cf5bbedbcee402b96,static,django/db/models/sql/compiler.py,1264,1264,medium,W0212: Access to a protected member _meta of a client class,False,,3,,2.9380000000819564,,,,1,
django__django-16408,django/django,ef85b6bf0bc5a8b194f0724cf5bbedbcee402b96,static,django/db/models/sql/compiler.py,1284,1284,medium,W0212: Access to a protected member _filtered_relations of a client class,False,,3,,2.9380000000819564,,,,1,
django__django-16408,django/django,ef85b6bf0bc5a8b194f0724cf5bbedbcee402b96,static,django/db/models/sql/compiler.py,1308,1308,medium,W0212: Access to a protected member _meta of a client class,False,,3,,2.9380000000819564,,,,1,
django__django-16408,django/django,ef85b6bf0bc5a8b194f0724cf5bbedbcee402b96,static,django/db/models/sql/compiler.py,1319,1319,medium,W0212: Access to a protected member _meta of a client class,False,,3,,2.9380000000819564,,,,1,
django__django-16408,django/django,ef85b6bf0bc5a8b194f0724cf5bbedbcee402b96,static,django/db/models/sql/compiler.py,1346,1346,medium,W0212: Access to a protected member _meta of a client class,False,,3,,2.9380000000819564,,,,1,
django__django-16527,django/django,bd366ca2aeffa869b7dbc0b0aa01caea75e6dc31,static,django/contrib/admin/templatetags/admin_modify.py,6,6,high,E0402: Attempted relative import beyond top-level package,False,,3,,1.1400000000139698,,,,1,
django__django-16816,django/django,191f6a9a4586b5e5f79f4f42f190e7ad4bbacc84,static,django/contrib/admin/checks.py,46,46,medium,W0613: Unused argument 'kwargs',False,,3,,1.812000000034459,,,,1,
django__django-16816,django/django,191f6a9a4586b5e5f79f4f42f190e7ad4bbacc84,static,django/contrib/admin/checks.py,55,55,medium,W0613: Unused argument 'kwargs',False,,3,,1.812000000034459,,,,1,
django__django-16816,django/django,191f6a9a4586b5e5f79f4f42f190e7ad4bbacc84,static,django/contrib/admin/checks.py,177,177,medium,W0613: Unused argument 'kwargs',False,,3,,1.812000000034459,,,,1,
django__django-16816,django/django,191f6a9a4586b5e5f79f4f42f190e7ad4bbacc84,static,django/contrib/admin/checks.py,224,224,medium,W0212: Access to a protected member _meta of a client class,False,,3,,1.812000000034459,,,,1,
django__django-16816,django/django,191f6a9a4586b5e5f79f4f42f190e7ad4bbacc84,static,django/contrib/admin/checks.py,237,237,medium,W0212: Access to a protected member _registry of a client class,False,,3,,1.812000000034459,,,,1,
django__django-16816,django/django,191f6a9a4586b5e5f79f4f42f190e7ad4bbacc84,static,django/contrib/admin/checks.py,290,290,medium,W0212: Access to a protected member _meta of a client class,False,,3,,1.812000000034459,,,,1,
django__django-16816,django/django,191f6a9a4586b5e5f79f4f42f190e7ad4bbacc84,static,django/contrib/admin/checks.py,438,438,medium,W0212: Access to a protected member _meta of a client class,False,,3,,1.812000000034459,,,,1,
django__django-16816,django/django,191f6a9a4586b5e5f79f4f42f190e7ad4bbacc84,static,django/contrib/admin/checks.py,446,446,medium,W0212: Access to a protected member _meta of a client class,False,,3,,1.812000000034459,,,,1,
django__django-16816,django/django,191f6a9a4586b5e5f79f4f42f190e7ad4bbacc84,static,django/contrib/admin/checks.py,526,526,medium,W0212: Access to a protected member _meta of a client class,False,,3,,1.812000000034459,,,,1,
django__django-16816,django/django,191f6a9a4586b5e5f79f4f42f190e7ad4bbacc84,static,django/contrib/admin/checks.py,561,561,medium,W0212: Access to a protected member _meta of a client class,False,,3,,1.812000000034459,,,,1,
django__django-16816,django/django,191f6a9a4586b5e5f79f4f42f190e7ad4bbacc84,static,django/contrib/admin/checks.py,636,636,medium,W0212: Access to a protected member _meta of a client class,False,,3,,1.812000000034459,,,,1,
django__django-16816,django/django,191f6a9a4586b5e5f79f4f42f190e7ad4bbacc84,static,django/contrib/admin/checks.py,678,678,medium,W0212: Access to a protected member _meta of a client class,False,,3,,1.812000000034459,,,,1,
django__django-16816,django/django,191f6a9a4586b5e5f79f4f42f190e7ad4bbacc84,static,django/contrib/admin/checks.py,734,734,medium,W0212: Access to a protected member _meta of a client class,False,,3,,1.812000000034459,,,,1,
django__django-16816,django/django,191f6a9a4586b5e5f79f4f42f190e7ad4bbacc84,static,django/contrib/admin/checks.py,770,770,medium,W0212: Access to a protected member _meta of a client class,False,,3,,1.812000000034459,,,,1,
django__django-16816,django/django,191f6a9a4586b5e5f79f4f42f190e7ad4bbacc84,static,django/contrib/admin/checks.py,779,779,medium,W0212: Access to a protected member _meta of a client class,False,,3,,1.812000000034459,,,,1,
django__django-16816,django/django,191f6a9a4586b5e5f79f4f42f190e7ad4bbacc84,static,django/contrib/admin/checks.py,840,840,medium,W0613: Unused argument 'label',False,,3,,1.812000000034459,,,,1,
django__django-16816,django/django,191f6a9a4586b5e5f79f4f42f190e7ad4bbacc84,static,django/contrib/admin/checks.py,899,899,medium,W0212: Access to a protected member _meta of a client class,False,,3,,1.812000000034459,,,,1,
django__django-16816,django/django,191f6a9a4586b5e5f79f4f42f190e7ad4bbacc84,static,django/contrib/admin/checks.py,913,913,medium,W0212: Access to a protected member _meta of a client class,True,site-0001,3,,1.812000000034459,,,,1,
django__django-16816,django/django,191f6a9a4586b5e5f79f4f42f190e7ad4bbacc84,static,django/contrib/admin/checks.py,1095,1095,medium,W0212: Access to a protected member _meta of a client class,False,,3,,1.812000000034459,,,,1,
django__django-16816,django/django,191f6a9a4586b5e5f79f4f42f190e7ad4bbacc84,static,django/contrib/admin/checks.py,1190,1190,medium,W0212: Access to a protected member _get_base_actions of a client class,False,,3,,1.812000000034459,,,,1,
django__django-16873,django/django,fce90950bef348803fa7cc3e6bc65f4bce429b82,static,django/template/defaultfilters.py,28,28,high,E0402: Attempted relative import beyond top-level package,False,,3,,3.0619999999180436,,,,1,
django__django-16873,django/django,fce90950bef348803fa7cc3e6bc65f4bce429b82,static,django/template/defaultfilters.py,29,29,high,E0402: Attempted relative import beyond top-level package,False,,3,,3.0619999999180436,,,,1,
django__django-16873,django/django,fce90950bef348803fa7cc3e6bc65f4bce429b82,static,django/template/defaultfilters.py,14,14,medium,W0622: Redefining built-in 'format',False,,3,,3.0619999999180436,,,,1,
django__django-16873,django/django,fce90950bef348803fa7cc3e6bc65f4bce429b82,static,django/template/defaultfilters.py,46,46,medium,W0621: Redefining name 'first' from outer scope (line 576),False,,3,,3.0619999999180436,,,,1,
django__django-16873,django/django,fce90950bef348803fa7cc3e6bc65f4bce429b82,static,django/template/defaultfilters.py,296,296,medium,W0621: Redefining name 'length' from outer scope (line 606),False,,3,,3.0619999999180436,,,,1,
django__django-16873,django/django,fce90950bef348803fa7cc3e6bc65f4bce429b82,static,django/template/defaultfilters.py,310,310,medium,W0621: Redefining name 'length' from outer scope (line 606),False,,3,,3.0619999999180436,,,,1,
django__django-16873,django/django,fce90950bef348803fa7cc3e6bc65f4bce429b82,static,django/template/defaultfilters.py,324,324,medium,W0621: Redefining name 'length' from outer scope (line 606),False,,3,,3.0619999999180436,,,,1,
django__django-16873,django/django,fce90950bef348803fa7cc3e6bc65f4bce429b82,static,django/template/defaultfilters.py,338,338,medium,W0621: Redefining name 'length' from outer scope (line 606),False,,3,,3.0619999999180436,,,,1,
django__django-16873,django/django,fce90950bef348803fa7cc3e6bc65f4bce429b82,static,django/template/defaultfilters.py,353,353,medium,W0621: Redefining name 'safe' from outer scope (line 486),False,,3,,3.0619999999180436,,,,1,
django__django-16873,django/django,fce90950bef348803fa7cc3e6bc65f4bce429b82,static,django/template/defaultfilters.py,428,428,medium,W0621: Redefining name 'safe' from outer scope (line 486),False,,3,,3.0619999999180436,,,,1,
django__django-16873,django/django,fce90950bef348803fa7cc3e6bc65f4bce429b82,static,django/template/defaultfilters.py,535,535,medium,"B904: Within an `except` clause, raise exceptions with `raise ... from err` or `raise ... from None` to distinguish them from errors in exception handling",False,,3,,3.0619999999180436,,,,1,
django__django-16873,django/django,fce90950bef348803fa7cc3e6bc65f4bce429b82,static,django/template/defaultfilters.py,535,535,medium,W0707: Consider explicitly re-raising using 'except ValueError as exc' and 'raise AttributeError('Access to private variables is forbidden.') from exc',False,,3,,3.0619999999180436,,,,1,
django__django-16873,django/django,fce90950bef348803fa7cc3e6bc65f4bce429b82,static,django/template/defaultfilters.py,617,617,medium,B028: No explicit `stacklevel` keyword argument found,False,,3,,3.0619999999180436,,,,1,
django__django-16873,django/django,fce90950bef348803fa7cc3e6bc65f4bce429b82,static,django/template/defaultfilters.py,739,739,medium,W0718: Catching too general exception Exception,False,,3,,3.0619999999180436,,,,1,
django__django-16873,django/django,fce90950bef348803fa7cc3e6bc65f4bce429b82,static,django/template/defaultfilters.py,981,981,medium,W0718: Catching too general exception Exception,False,,3,,3.0619999999180436,,,,1,
django__django-16873,django/django,fce90950bef348803fa7cc3e6bc65f4bce429b82,static,django/template/defaultfilters.py,14,14,low,A004: Import `format` is shadowing a Python builtin,False,,3,,3.0619999999180436,,,,1,
django__django-17051,django/django,b7a17b0ea0a2061bae752a3a2292007d41825814,static,django/db/models/query.py,57,57,high,E1101: Instance of 'BaseIterable' has no '__iter__' member; maybe '__aiter__'?,False,,3,,2.7339999999385327,,,,1,
django__django-17051,django/django,b7a17b0ea0a2061bae752a3a2292007d41825814,static,django/db/models/query.py,2036,2036,high,E1135: Value 'self.columns' doesn't support membership test,False,,3,,2.7339999999385327,,,,1,
django__django-17051,django/django,b7a17b0ea0a2061bae752a3a2292007d41825814,static,django/db/models/query.py,2041,2041,high,E1135: Value 'self.model_fields' doesn't support membership test,False,,3,,2.7339999999385327,,,,1,
django__django-17051,django/django,b7a17b0ea0a2061bae752a3a2292007d41825814,static,django/db/models/query.py,328,328,medium,W0212: Access to a protected member _built_with_as_manager of a client class,False,,3,,2.7339999999385327,,,,1,
django__django-17051,django/django,b7a17b0ea0a2061bae752a3a2292007d41825814,static,django/db/models/query.py,451,451,medium,W0613: Unused argument 'args',False,,3,,2.7339999999385327,,,,1,
django__django-17051,django/django,b7a17b0ea0a2061bae752a3a2292007d41825814,static,django/db/models/query.py,579,579,medium,B018: Found useless expression. Either assign it to a variable or remove it.,False,,3,,2.7339999999385327,,,,1,
django__django-17051,django/django,b7a17b0ea0a2061bae752a3a2292007d41825814,static,django/db/models/query.py,581,581,medium,"B904: Within an `except` clause, raise exceptions with `raise ... from err` or `raise ... from None` to distinguish them from errors in exception handling",False,,3,,2.7339999999385327,,,,1,
django__django-17051,django/django,b7a17b0ea0a2061bae752a3a2292007d41825814,static,django/db/models/query.py,581,581,medium,"W0707: Consider explicitly re-raising using 'except (AttributeError, TypeError) as exc' and 'raise TypeError('Complex aggregates require an alias') from exc'",False,,3,,2.7339999999385327,,,,1,
django__django-17051,django/django,b7a17b0ea0a2061bae752a3a2292007d41825814,static,django/db/models/query.py,627,627,medium,W0212: Access to a protected member _result_cache of a client class,False,,3,,2.7339999999385327,,,,1,
django__django-17051,django/django,b7a17b0ea0a2061bae752a3a2292007d41825814,static,django/db/models/query.py,630,630,medium,W0212: Access to a protected member _meta of a client class,False,,3,,2.7339999999385327,,,,1,
django__django-17051,django/django,b7a17b0ea0a2061bae752a3a2292007d41825814,static,django/db/models/query.py,635,635,medium,W0212: Access to a protected member _meta of a client class,False,,3,,2.7339999999385327,,,,1,
django__django-17051,django/django,b7a17b0ea0a2061bae752a3a2292007d41825814,static,django/db/models/query.py,663,663,medium,W0212: Access to a protected member _meta of a client class,False,,3,,2.7339999999385327,,,,1,
django__django-17051,django/django,b7a17b0ea0a2061bae752a3a2292007d41825814,static,django/db/models/query.py,665,665,medium,W0212: Access to a protected member _meta of a client class,False,,3,,2.7339999999385327,,,,1,
django__django-17051,django/django,b7a17b0ea0a2061bae752a3a2292007d41825814,static,django/db/models/query.py,670,670,medium,W0212: Access to a protected member _prepare_related_fields_for_save of a client class,False,,3,,2.7339999999385327,,,,1,
django__django-17051,django/django,b7a17b0ea0a2061bae752a3a2292007d41825814,static,django/db/models/query.py,760,760,medium,W0212: Access to a protected member _meta of a client class,False,,3,,2.7339999999385327,,,,1,
django__django-17051,django/django,b7a17b0ea0a2061bae752a3a2292007d41825814,static,django/db/models/query.py,761,761,medium,W0212: Access to a protected member _meta of a client class,False,,3,,2.7339999999385327,,,,1,
django__django-17051,django/django,b7a17b0ea0a2061bae752a3a2292007d41825814,static,django/db/models/query.py,765,765,medium,W0212: Access to a protected member _meta of a client class,False,,3,,2.7339999999385327,,,,1,
django__django-17051,django/django,b7a17b0ea0a2061bae752a3a2292007d41825814,static,django/db/models/query.py,769,769,medium,W0212: Access to a protected member _meta of a client class,False,,3,,2.7339999999385327,,,,1,
django__django-17051,django/django,b7a17b0ea0a2061bae752a3a2292007d41825814,static,django/db/models/query.py,773,773,medium,W0212: Access to a protected member _meta of a client class,False,,3,,2.7339999999385327,,,,1,
django__django-17051,django/django,b7a17b0ea0a2061bae752a3a2292007d41825814,static,django/db/models/query.py,800,800,medium,W0212: Access to a protected member _state of a client class,False,,3,,2.7339999999385327,,,,1,
django__django-17087,django/django,4a72da71001f154ea60906a2f74898d32b7322a7,static,django/db/migrations/serializer.py,312,312,high,E1101: Module 'types' has no 'NoneType' member,False,,3,,2.969000000040978,,,,1,
django__django-17087,django/django,4a72da71001f154ea60906a2f74898d32b7322a7,static,django/db/migrations/serializer.py,346,346,high,E1101: Module 'types' has no 'NoneType' member,False,,3,,2.969000000040978,,,,1,
django__django-17087,django/django,4a72da71001f154ea60906a2f74898d32b7322a7,static,django/db/migrations/serializer.py,49,49,medium,W0223: Method '_format' is abstract in class 'BaseSequenceSerializer' but is not overridden in child class 'BaseUnorderedSequenceSerializer',False,,3,,2.969000000040978,,,,1,
django__django-17087,django/django,4a72da71001f154ea60906a2f74898d32b7322a7,static,django/db/migrations/serializer.py,137,137,medium,W0212: Access to a protected member _decompose of a client class,False,,3,,2.969000000040978,,,,1,
django__django-17087,django/django,4a72da71001f154ea60906a2f74898d32b7322a7,static,django/db/migrations/serializer.py,230,230,medium,W0612: Unused variable 'attr_name',False,,3,,2.969000000040978,,,,1,
django__django-17087,django/django,4a72da71001f154ea60906a2f74898d32b7322a7,static,django/db/migrations/serializer.py,393,393,medium,W0212: Access to a protected member _registry of a client class,False,,3,,2.969000000040978,,,,1,
matplotlib__matplotlib-23476,matplotlib/matplotlib,33a0599711d26dc2b79f851c6daed4947df7c167,static,lib/matplotlib/figure.py,136,136,high,E0203: Access to member 'left' before its definition line 143,False,,3,,10.719000000040978,,,,1,
matplotlib__matplotlib-23476,matplotlib/matplotlib,33a0599711d26dc2b79f851c6daed4947df7c167,static,lib/matplotlib/figure.py,137,137,high,E0203: Access to member 'right' before its definition line 145,False,,3,,10.719000000040978,,,,1,
matplotlib__matplotlib-23476,matplotlib/matplotlib,33a0599711d26dc2b79f851c6daed4947df7c167,static,lib/matplotlib/figure.py,139,139,high,E0203: Access to member 'bottom' before its definition line 147,False,,3,,10.719000000040978,,,,1,
matplotlib__matplotlib-23476,matplotlib/matplotlib,33a0599711d26dc2b79f851c6daed4947df7c167,static,lib/matplotlib/figure.py,140,140,high,E0203: Access to member 'top' before its definition line 149,False,,3,,10.719000000040978,,,,1,
matplotlib__matplotlib-23476,matplotlib/matplotlib,33a0599711d26dc2b79f851c6daed4947df7c167,static,lib/matplotlib/figure.py,203,203,high,E1101: Instance of 'FigureBase' has no 'patch' member,False,,3,,10.719000000040978,,,,1,
matplotlib__matplotlib-23476,matplotlib/matplotlib,33a0599711d26dc2b79f851c6daed4947df7c167,static,lib/matplotlib/figure.py,254,254,high,E1101: Instance of 'FigureBase' has no 'get_axes' member,False,,3,,10.719000000040978,,,,1,
matplotlib__matplotlib-23476,matplotlib/matplotlib,33a0599711d26dc2b79f851c6daed4947df7c167,static,lib/matplotlib/figure.py,270,270,high,E1101: Instance of 'FigureBase' has no 'patch' member,False,,3,,10.719000000040978,,,,1,
matplotlib__matplotlib-23476,matplotlib/matplotlib,33a0599711d26dc2b79f851c6daed4947df7c167,static,lib/matplotlib/figure.py,288,288,high,E1101: Instance of 'FigureBase' has no '_default_contains' member,False,,3,,10.719000000040978,,,,1,
matplotlib__matplotlib-23476,matplotlib/matplotlib,33a0599711d26dc2b79f851c6daed4947df7c167,static,lib/matplotlib/figure.py,291,291,high,E1101: Instance of 'FigureBase' has no 'bbox' member,False,,3,,10.719000000040978,,,,1,
matplotlib__matplotlib-23476,matplotlib/matplotlib,33a0599711d26dc2b79f851c6daed4947df7c167,static,lib/matplotlib/figure.py,298,298,high,E1101: Instance of 'FigureBase' has no 'bbox' member,False,,3,,10.719000000040978,,,,1,
matplotlib__matplotlib-23476,matplotlib/matplotlib,33a0599711d26dc2b79f851c6daed4947df7c167,static,lib/matplotlib/figure.py,375,375,high,E0606: Possibly using variable 'autopos' before assignment,False,,3,,10.719000000040978,,,,1,
matplotlib__matplotlib-23476,matplotlib/matplotlib,33a0599711d26dc2b79f851c6daed4947df7c167,static,lib/matplotlib/figure.py,410,410,high,E1101: Instance of 'FigureBase' has no 'patch' member,False,,3,,10.719000000040978,,,,1,
matplotlib__matplotlib-23476,matplotlib/matplotlib,33a0599711d26dc2b79f851c6daed4947df7c167,static,lib/matplotlib/figure.py,414,414,high,E1101: Instance of 'FigureBase' has no 'patch' member,False,,3,,10.719000000040978,,,,1,
matplotlib__matplotlib-23476,matplotlib/matplotlib,33a0599711d26dc2b79f851c6daed4947df7c167,static,lib/matplotlib/figure.py,422,422,high,E1101: Instance of 'FigureBase' has no 'patch' member,False,,3,,10.719000000040978,,,,1,
matplotlib__matplotlib-23476,matplotlib/matplotlib,33a0599711d26dc2b79f851c6daed4947df7c167,static,lib/matplotlib/figure.py,432,432,high,E1101: Instance of 'FigureBase' has no 'patch' member,False,,3,,10.719000000040978,,,,1,
matplotlib__matplotlib-23476,matplotlib/matplotlib,33a0599711d26dc2b79f851c6daed4947df7c167,static,lib/matplotlib/figure.py,438,438,high,E1101: Instance of 'FigureBase' has no 'patch' member,False,,3,,10.719000000040978,,,,1,
matplotlib__matplotlib-23476,matplotlib/matplotlib,33a0599711d26dc2b79f851c6daed4947df7c167,static,lib/matplotlib/figure.py,448,448,high,E1101: Instance of 'FigureBase' has no 'patch' member,False,,3,,10.719000000040978,,,,1,
matplotlib__matplotlib-23476,matplotlib/matplotlib,33a0599711d26dc2b79f851c6daed4947df7c167,static,lib/matplotlib/figure.py,458,458,high,E1101: Instance of 'FigureBase' has no 'patch' member,False,,3,,10.719000000040978,,,,1,
matplotlib__matplotlib-23476,matplotlib/matplotlib,33a0599711d26dc2b79f851c6daed4947df7c167,static,lib/matplotlib/figure.py,470,470,high,E1101: Instance of 'FigureBase' has no 'patch' member,False,,3,,10.719000000040978,,,,1,
matplotlib__matplotlib-23476,matplotlib/matplotlib,33a0599711d26dc2b79f851c6daed4947df7c167,static,lib/matplotlib/figure.py,502,502,high,E1101: Instance of 'FigureBase' has no 'transSubfigure' member,False,,3,,10.719000000040978,,,,1,
matplotlib__matplotlib-25079,matplotlib/matplotlib,66f7956984cbfc3647e867c6e5fde889a89c64ef,static,lib/matplotlib/colors.py,57,57,high,E0402: Attempted relative import beyond top-level package,False,,3,,16.56299999996554,,,,1,
matplotlib__matplotlib-25079,matplotlib/matplotlib,66f7956984cbfc3647e867c6e5fde889a89c64ef,static,lib/matplotlib/colors.py,1295,1295,high,E1101: Instance of 'tuple' has no 'type' member,False,,3,,16.56299999996554,,,,1,
matplotlib__matplotlib-25079,matplotlib/matplotlib,66f7956984cbfc3647e867c6e5fde889a89c64ef,static,lib/matplotlib/colors.py,119,119,medium,W0212: Access to a protected member _tab10_data of a client class,False,,3,,16.56299999996554,,,,1,
matplotlib__matplotlib-25079,matplotlib/matplotlib,66f7956984cbfc3647e867c6e5fde889a89c64ef,static,lib/matplotlib/colors.py,120,120,medium,W0212: Access to a protected member _tab20_data of a client class,False,,3,,16.56299999996554,,,,1,
matplotlib__matplotlib-25079,matplotlib/matplotlib,66f7956984cbfc3647e867c6e5fde889a89c64ef,static,lib/matplotlib/colors.py,121,121,medium,W0212: Access to a protected member _tab20b_data of a client class,False,,3,,16.56299999996554,,,,1,
matplotlib__matplotlib-25079,matplotlib/matplotlib,66f7956984cbfc3647e867c6e5fde889a89c64ef,static,lib/matplotlib/colors.py,122,122,medium,W0212: Access to a protected member _tab20c_data of a client class,False,,3,,16.56299999996554,,,,1,
matplotlib__matplotlib-25079,matplotlib/matplotlib,66f7956984cbfc3647e867c6e5fde889a89c64ef,static,lib/matplotlib/colors.py,123,123,medium,W0212: Access to a protected member _Pastel1_data of a client class,False,,3,,16.56299999996554,,,,1,
matplotlib__matplotlib-25079,matplotlib/matplotlib,66f7956984cbfc3647e867c6e5fde889a89c64ef,static,lib/matplotlib/colors.py,124,124,medium,W0212: Access to a protected member _Pastel2_data of a client class,False,,3,,16.56299999996554,,,,1,
matplotlib__matplotlib-25079,matplotlib/matplotlib,66f7956984cbfc3647e867c6e5fde889a89c64ef,static,lib/matplotlib/colors.py,125,125,medium,W0212: Access to a protected member _Paired_data of a client class,False,,3,,16.56299999996554,,,,1,
matplotlib__matplotlib-25079,matplotlib/matplotlib,66f7956984cbfc3647e867c6e5fde889a89c64ef,static,lib/matplotlib/colors.py,126,126,medium,W0212: Access to a protected member _Accent_data of a client class,False,,3,,16.56299999996554,,,,1,
matplotlib__matplotlib-25079,matplotlib/matplotlib,66f7956984cbfc3647e867c6e5fde889a89c64ef,static,lib/matplotlib/colors.py,127,127,medium,W0212: Access to a protected member _Dark2_data of a client class,False,,3,,16.56299999996554,,,,1,
matplotlib__matplotlib-25079,matplotlib/matplotlib,66f7956984cbfc3647e867c6e5fde889a89c64ef,static,lib/matplotlib/colors.py,128,128,medium,W0212: Access to a protected member _Set1_data of a client class,False,,3,,16.56299999996554,,,,1,
matplotlib__matplotlib-25079,matplotlib/matplotlib,66f7956984cbfc3647e867c6e5fde889a89c64ef,static,lib/matplotlib/colors.py,129,129,medium,W0212: Access to a protected member _Set1_data of a client class,False,,3,,16.56299999996554,,,,1,
matplotlib__matplotlib-25079,matplotlib/matplotlib,66f7956984cbfc3647e867c6e5fde889a89c64ef,static,lib/matplotlib/colors.py,130,130,medium,W0212: Access to a protected member _Set1_data of a client class,False,,3,,16.56299999996554,,,,1,
matplotlib__matplotlib-25079,matplotlib/matplotlib,66f7956984cbfc3647e867c6e5fde889a89c64ef,static,lib/matplotlib/colors.py,140,140,medium,"B904: Within an `except` clause, raise exceptions with `raise ... from err` or `raise ... from None` to distinguish them from errors in exception handling",False,,3,,16.56299999996554,,,,1,
matplotlib__matplotlib-25079,matplotlib/matplotlib,66f7956984cbfc3647e867c6e5fde889a89c64ef,static,lib/matplotlib/colors.py,140,140,medium,W0707: Consider explicitly re-raising using 'except KeyError as exc' and 'raise KeyError(f'{item!r} is not a known color sequence name') from exc',False,,3,,16.56299999996554,,,,1,
matplotlib__matplotlib-25079,matplotlib/matplotlib,66f7956984cbfc3647e867c6e5fde889a89c64ef,static,lib/matplotlib/colors.py,181,182,medium,"B904: Within an `except` clause, raise exceptions with `raise ... from err` or `raise ... from None` to distinguish them from errors in exception handling",False,,3,,16.56299999996554,,,,1,
matplotlib__matplotlib-25079,matplotlib/matplotlib,66f7956984cbfc3647e867c6e5fde889a89c64ef,static,lib/matplotlib/colors.py,181,182,medium,W0707: Consider explicitly re-raising using 'except ValueError as exc' and 'raise ValueError(f'{color!r} is not a valid color specification') from exc',False,,3,,16.56299999996554,,,,1,
matplotlib__matplotlib-25079,matplotlib/matplotlib,66f7956984cbfc3647e867c6e5fde889a89c64ef,static,lib/matplotlib/colors.py,460,460,medium,W0212: Access to a protected member _str_lower_equal of a client class,False,,3,,16.56299999996554,,,,1,
matplotlib__matplotlib-25079,matplotlib/matplotlib,66f7956984cbfc3647e867c6e5fde889a89c64ef,static,lib/matplotlib/colors.py,683,683,medium,W0622: Redefining built-in 'bytes',False,,3,,16.56299999996554,,,,1,
matplotlib__matplotlib-25311,matplotlib/matplotlib,430fb1db88843300fb4baae3edc499bbfe073b0c,static,lib/matplotlib/offsetbox.py,205,205,high,E0606: Possibly using variable 'yspan' before assignment,False,,3,,5.640999999945052,,,,1,
matplotlib__matplotlib-25311,matplotlib/matplotlib,430fb1db88843300fb4baae3edc499bbfe073b0c,static,lib/matplotlib/offsetbox.py,271,271,high,E1101: Instance of 'OffsetBox' has no '_default_contains' member,False,,3,,5.640999999945052,,,,1,
matplotlib__matplotlib-25311,matplotlib/matplotlib,430fb1db88843300fb4baae3edc499bbfe073b0c,static,lib/matplotlib/offsetbox.py,404,404,high,E1120: No value for argument 'bbox' in method call,False,,3,,5.640999999945052,,,,1,
matplotlib__matplotlib-25311,matplotlib/matplotlib,430fb1db88843300fb4baae3edc499bbfe073b0c,static,lib/matplotlib/offsetbox.py,895,895,high,E1130: bad operand type for unary -: x0,False,,3,,5.640999999945052,,,,1,
matplotlib__matplotlib-25311,matplotlib/matplotlib,430fb1db88843300fb4baae3edc499bbfe073b0c,static,lib/matplotlib/offsetbox.py,1062,1064,high,E0633: Attempting to unpack a non-sequence defined at line 976 of matplotlib.transforms,False,,3,,5.640999999945052,,,,1,
matplotlib__matplotlib-25311,matplotlib/matplotlib,430fb1db88843300fb4baae3edc499bbfe073b0c,static,lib/matplotlib/offsetbox.py,1362,1362,high,E1101: Instance of 'AnnotationBbox' has no '_default_contains' member,False,,3,,5.640999999945052,,,,1,
matplotlib__matplotlib-25311,matplotlib/matplotlib,430fb1db88843300fb4baae3edc499bbfe073b0c,static,lib/matplotlib/offsetbox.py,1418,1418,high,E1121: Too many positional arguments for method call,False,,3,,5.640999999945052,,,,1,
matplotlib__matplotlib-25311,matplotlib/matplotlib,430fb1db88843300fb4baae3edc499bbfe073b0c,static,lib/matplotlib/offsetbox.py,1419,1419,high,E1121: Too many positional arguments for method call,False,,3,,5.640999999945052,,,,1,
matplotlib__matplotlib-25311,matplotlib/matplotlib,430fb1db88843300fb4baae3edc499bbfe073b0c,static,lib/matplotlib/offsetbox.py,1422,1422,high,E1121: Too many positional arguments for method call,False,,3,,5.640999999945052,,,,1,
matplotlib__matplotlib-25311,matplotlib/matplotlib,430fb1db88843300fb4baae3edc499bbfe073b0c,static,lib/matplotlib/offsetbox.py,241,241,medium,W0511: TODO deal with this better,False,,3,,5.640999999945052,,,,1,
matplotlib__matplotlib-25311,matplotlib/matplotlib,430fb1db88843300fb4baae3edc499bbfe073b0c,static,lib/matplotlib/offsetbox.py,325,325,medium,W0201: Attribute 'width' defined outside __init__,False,,3,,5.640999999945052,,,,1,
matplotlib__matplotlib-25311,matplotlib/matplotlib,430fb1db88843300fb4baae3edc499bbfe073b0c,static,lib/matplotlib/offsetbox.py,336,336,medium,W0201: Attribute 'height' defined outside __init__,False,,3,,5.640999999945052,,,,1,
matplotlib__matplotlib-25311,matplotlib/matplotlib,430fb1db88843300fb4baae3edc499bbfe073b0c,static,lib/matplotlib/offsetbox.py,367,367,medium,W0612: Unused variable 'offsets',False,,3,,5.640999999945052,,,,1,
matplotlib__matplotlib-25311,matplotlib/matplotlib,430fb1db88843300fb4baae3edc499bbfe073b0c,static,lib/matplotlib/offsetbox.py,399,399,medium,W0212: Access to a protected member _get_renderer of a client class,False,,3,,5.640999999945052,,,,1,
matplotlib__matplotlib-25311,matplotlib/matplotlib,430fb1db88843300fb4baae3edc499bbfe073b0c,static,lib/matplotlib/offsetbox.py,421,421,medium,W0223: Method '_get_bbox_and_child_offsets' is abstract in class 'OffsetBox' but is not overridden in child class 'PackerBase',False,,3,,5.640999999945052,,,,1,
matplotlib__matplotlib-25311,matplotlib/matplotlib,430fb1db88843300fb4baae3edc499bbfe073b0c,static,lib/matplotlib/offsetbox.py,597,597,medium,W0223: Method '_get_bbox_and_child_offsets' is abstract in class 'OffsetBox' but is not overridden in child class 'DrawingArea',False,,3,,5.640999999945052,,,,1,
matplotlib__matplotlib-25311,matplotlib/matplotlib,430fb1db88843300fb4baae3edc499bbfe073b0c,static,lib/matplotlib/offsetbox.py,663,663,medium,W0221: Number of parameters was 3 in 'OffsetBox.get_offset' and is now 1 in overriding 'DrawingArea.get_offset' method,False,,3,,5.640999999945052,,,,1,
matplotlib__matplotlib-25311,matplotlib/matplotlib,430fb1db88843300fb4baae3edc499bbfe073b0c,static,lib/matplotlib/offsetbox.py,701,701,medium,W0212: Access to a protected member _clippath of a client class,False,,3,,5.640999999945052,,,,1,
matplotlib__matplotlib-25311,matplotlib/matplotlib,430fb1db88843300fb4baae3edc499bbfe073b0c,static,lib/matplotlib/offsetbox.py,709,709,medium,W0223: Method '_get_bbox_and_child_offsets' is abstract in class 'OffsetBox' but is not overridden in child class 'TextArea',False,,3,,5.640999999945052,,,,1,
matplotlib__matplotlib-25311,matplotlib/matplotlib,430fb1db88843300fb4baae3edc499bbfe073b0c,static,lib/matplotlib/offsetbox.py,792,792,medium,W0221: Number of parameters was 3 in 'OffsetBox.get_offset' and is now 1 in overriding 'TextArea.get_offset' method,False,,3,,5.640999999945052,,,,1,
matplotlib__matplotlib-25498,matplotlib/matplotlib,78bf53caacbb5ce0dc7aa73f07a74c99f1ed919b,static,lib/matplotlib/colorbar.py,117,117,medium,W0613: Unused argument 'args',False,,3,,9.718999999924563,,,,1,
matplotlib__matplotlib-25498,matplotlib/matplotlib,78bf53caacbb5ce0dc7aa73f07a74c99f1ed919b,static,lib/matplotlib/colorbar.py,137,137,medium,W0201: Attribute '_xy' defined outside __init__,False,,3,,9.718999999924563,,,,1,
matplotlib__matplotlib-25498,matplotlib/matplotlib,78bf53caacbb5ce0dc7aa73f07a74c99f1ed919b,static,lib/matplotlib/colorbar.py,162,162,medium,W0612: Unused variable 'y',False,,3,,9.718999999924563,,,,1,
matplotlib__matplotlib-25498,matplotlib/matplotlib,78bf53caacbb5ce0dc7aa73f07a74c99f1ed919b,static,lib/matplotlib/colorbar.py,167,167,medium,W0622: Redefining built-in 'len',False,,3,,9.718999999924563,,,,1,
matplotlib__matplotlib-25498,matplotlib/matplotlib,78bf53caacbb5ce0dc7aa73f07a74c99f1ed919b,static,lib/matplotlib/colorbar.py,292,292,medium,W0622: Redefining built-in 'format',False,,3,,9.718999999924563,,,,1,
matplotlib__matplotlib-25498,matplotlib/matplotlib,78bf53caacbb5ce0dc7aa73f07a74c99f1ed919b,static,lib/matplotlib/colorbar.py,519,519,medium,W0201: Attribute 'stale' defined outside __init__,False,,3,,9.718999999924563,,,,1,
matplotlib__matplotlib-25498,matplotlib/matplotlib,78bf53caacbb5ce0dc7aa73f07a74c99f1ed919b,static,lib/matplotlib/colorbar.py,646,646,medium,W0613: Unused argument 'ax',False,,3,,9.718999999924563,,,,1,
matplotlib__matplotlib-25498,matplotlib/matplotlib,78bf53caacbb5ce0dc7aa73f07a74c99f1ed919b,static,lib/matplotlib/colorbar.py,770,770,medium,W0642: Invalid assignment to self in method,False,,3,,9.718999999924563,,,,1,
matplotlib__matplotlib-25498,matplotlib/matplotlib,78bf53caacbb5ce0dc7aa73f07a74c99f1ed919b,static,lib/matplotlib/colorbar.py,774,774,medium,W0511: TODO: Make colorbar lines auto-follow changes in contour lines.,False,,3,,9.718999999924563,,,,1,
matplotlib__matplotlib-25498,matplotlib/matplotlib,78bf53caacbb5ce0dc7aa73f07a74c99f1ed919b,static,lib/matplotlib/colorbar.py,781,781,medium,W0621: Redefining name 'colors' from outer scope (line 19),False,,3,,9.718999999924563,,,,1,
matplotlib__matplotlib-25498,matplotlib/matplotlib,78bf53caacbb5ce0dc7aa73f07a74c99f1ed919b,static,lib/matplotlib/colorbar.py,781,781,medium,W0642: Invalid assignment to self in method,False,,3,,9.718999999924563,,,,1,
matplotlib__matplotlib-25498,matplotlib/matplotlib,78bf53caacbb5ce0dc7aa73f07a74c99f1ed919b,static,lib/matplotlib/colorbar.py,901,901,medium,W0201: Attribute 'stale' defined outside __init__,False,,3,,9.718999999924563,,,,1,
matplotlib__matplotlib-25498,matplotlib/matplotlib,78bf53caacbb5ce0dc7aa73f07a74c99f1ed919b,static,lib/matplotlib/colorbar.py,1026,1026,medium,W0212: Access to a protected member _set_axes_scale of a client class,False,,3,,9.718999999924563,,,,1,
matplotlib__matplotlib-25498,matplotlib/matplotlib,78bf53caacbb5ce0dc7aa73f07a74c99f1ed919b,static,lib/matplotlib/colorbar.py,1036,1036,medium,W0212: Access to a protected member _colorbar_info of a client class,False,,3,,9.718999999924563,,,,1,
matplotlib__matplotlib-25498,matplotlib/matplotlib,78bf53caacbb5ce0dc7aa73f07a74c99f1ed919b,static,lib/matplotlib/colorbar.py,1038,1038,medium,W0212: Access to a protected member _colorbars of a client class,False,,3,,9.718999999924563,,,,1,
matplotlib__matplotlib-25498,matplotlib/matplotlib,78bf53caacbb5ce0dc7aa73f07a74c99f1ed919b,static,lib/matplotlib/colorbar.py,1039,1039,medium,W0212: Access to a protected member _colorbars of a client class,False,,3,,9.718999999924563,,,,1,
matplotlib__matplotlib-25498,matplotlib/matplotlib,78bf53caacbb5ce0dc7aa73f07a74c99f1ed919b,static,lib/matplotlib/colorbar.py,1060,1060,medium,W0212: Access to a protected member _set_position of a client class,False,,3,,9.718999999924563,,,,1,
matplotlib__matplotlib-25498,matplotlib/matplotlib,78bf53caacbb5ce0dc7aa73f07a74c99f1ed919b,static,lib/matplotlib/colorbar.py,1073,1073,medium,W0201: Attribute '_values' defined outside __init__,False,,3,,9.718999999924563,,,,1,
matplotlib__matplotlib-25498,matplotlib/matplotlib,78bf53caacbb5ce0dc7aa73f07a74c99f1ed919b,static,lib/matplotlib/colorbar.py,1080,1080,medium,W0201: Attribute '_boundaries' defined outside __init__,False,,3,,9.718999999924563,,,,1,
matplotlib__matplotlib-25498,matplotlib/matplotlib,78bf53caacbb5ce0dc7aa73f07a74c99f1ed919b,static,lib/matplotlib/colorbar.py,1082,1082,medium,W0201: Attribute '_boundaries' defined outside __init__,False,,3,,9.718999999924563,,,,1,
matplotlib__matplotlib-26020,matplotlib/matplotlib,f6a781f77f5ddf1204c60ca7c544809407d4a807,static,lib/mpl_toolkits/axes_grid1/axes_grid.py,9,9,high,E0402: Attempted relative import beyond top-level package,True,site-0002,3,,5.327999999979511,,,,1,
matplotlib__matplotlib-26020,matplotlib/matplotlib,f6a781f77f5ddf1204c60ca7c544809407d4a807,static,lib/mpl_toolkits/axes_grid1/axes_grid.py,10,10,high,E0402: Attempted relative import beyond top-level package,True,site-0002,3,,5.327999999979511,,,,1,
matplotlib__matplotlib-26020,matplotlib/matplotlib,f6a781f77f5ddf1204c60ca7c544809407d4a807,static,lib/mpl_toolkits/axes_grid1/axes_grid.py,26,26,high,E1101: Instance of 'CbarAxesBase' has no 'figure' member,False,,3,,5.327999999979511,,,,1,
matplotlib__matplotlib-26020,matplotlib/matplotlib,f6a781f77f5ddf1204c60ca7c544809407d4a807,static,lib/mpl_toolkits/axes_grid1/axes_grid.py,31,31,high,E1101: Instance of 'CbarAxesBase' has no 'axis' member,False,,3,,5.327999999979511,,,,1,
matplotlib__matplotlib-26020,matplotlib/matplotlib,f6a781f77f5ddf1204c60ca7c544809407d4a807,static,lib/mpl_toolkits/axes_grid1/axes_grid.py,446,446,high,E0601: Using variable 'locator' before assignment,False,,3,,5.327999999979511,,,,1,
matplotlib__matplotlib-26020,matplotlib/matplotlib,f6a781f77f5ddf1204c60ca7c544809407d4a807,static,lib/mpl_toolkits/axes_grid1/axes_grid.py,35,35,medium,W0212: Access to a protected member _make_class_factory of a client class,False,,3,,5.327999999979511,,,,1,
pallets__flask-4045,pallets/flask,d8c37f43724cd9fb0870f77877b7c4c7e38a19e0,static,src/flask/blueprints.py,5,5,high,E0402: Attempted relative import beyond top-level package,False,,3,,1.640999999945052,,,,1,
pallets__flask-4045,pallets/flask,d8c37f43724cd9fb0870f77877b7c4c7e38a19e0,static,src/flask/blueprints.py,6,6,high,E0402: Attempted relative import beyond top-level package,False,,3,,1.640999999945052,,,,1,
pallets__flask-4045,pallets/flask,d8c37f43724cd9fb0870f77877b7c4c7e38a19e0,static,src/flask/blueprints.py,7,7,high,E0402: Attempted relative import beyond top-level package,False,,3,,1.640999999945052,,,,1,
pallets__flask-4045,pallets/flask,d8c37f43724cd9fb0870f77877b7c4c7e38a19e0,static,src/flask/blueprints.py,8,8,high,E0402: Attempted relative import beyond top-level package,False,,3,,1.640999999945052,,,,1,
pallets__flask-4045,pallets/flask,d8c37f43724cd9fb0870f77877b7c4c7e38a19e0,static,src/flask/blueprints.py,9,9,high,E0402: Attempted relative import beyond top-level package,False,,3,,1.640999999945052,,,,1,
pallets__flask-4045,pallets/flask,d8c37f43724cd9fb0870f77877b7c4c7e38a19e0,static,src/flask/blueprints.py,10,10,high,E0402: Attempted relative import beyond top-level package,False,,3,,1.640999999945052,,,,1,
pallets__flask-4045,pallets/flask,d8c37f43724cd9fb0870f77877b7c4c7e38a19e0,static,src/flask/blueprints.py,11,11,high,E0402: Attempted relative import beyond top-level package,False,,3,,1.640999999945052,,,,1,
pallets__flask-4045,pallets/flask,d8c37f43724cd9fb0870f77877b7c4c7e38a19e0,static,src/flask/blueprints.py,12,12,high,E0402: Attempted relative import beyond top-level package,False,,3,,1.640999999945052,,,,1,
pallets__flask-4045,pallets/flask,d8c37f43724cd9fb0870f77877b7c4c7e38a19e0,static,src/flask/blueprints.py,13,13,high,E0402: Attempted relative import beyond top-level package,False,,3,,1.640999999945052,,,,1,
pallets__flask-4045,pallets/flask,d8c37f43724cd9fb0870f77877b7c4c7e38a19e0,static,src/flask/blueprints.py,14,14,high,E0402: Attempted relative import beyond top-level package,False,,3,,1.640999999945052,,,,1,
pallets__flask-4045,pallets/flask,d8c37f43724cd9fb0870f77877b7c4c7e38a19e0,static,src/flask/blueprints.py,15,15,high,E0402: Attempted relative import beyond top-level package,False,,3,,1.640999999945052,,,,1,
pallets__flask-4045,pallets/flask,d8c37f43724cd9fb0870f77877b7c4c7e38a19e0,static,src/flask/blueprints.py,16,16,high,E0402: Attempted relative import beyond top-level package,False,,3,,1.640999999945052,,,,1,
pallets__flask-4045,pallets/flask,d8c37f43724cd9fb0870f77877b7c4c7e38a19e0,static,src/flask/blueprints.py,17,17,high,E0402: Attempted relative import beyond top-level package,False,,3,,1.640999999945052,,,,1,
pallets__flask-4045,pallets/flask,d8c37f43724cd9fb0870f77877b7c4c7e38a19e0,static,src/flask/blueprints.py,215,215,medium,B028: No explicit `stacklevel` keyword argument found,False,,3,,1.640999999945052,,,,1,
psf__requests-1963,psf/requests,110048f9837f8441ea536804115e80b69f400277,static,requests/sessions.py,15,15,high,E0402: Attempted relative import beyond top-level package,False,,3,,1.734000000054948,,,,1,
psf__requests-1963,psf/requests,110048f9837f8441ea536804115e80b69f400277,static,requests/sessions.py,16,17,high,E0402: Attempted relative import beyond top-level package,False,,3,,1.734000000054948,,,,1,
psf__requests-1963,psf/requests,110048f9837f8441ea536804115e80b69f400277,static,requests/sessions.py,18,18,high,E0402: Attempted relative import beyond top-level package,False,,3,,1.734000000054948,,,,1,
psf__requests-1963,psf/requests,110048f9837f8441ea536804115e80b69f400277,static,requests/sessions.py,19,19,high,E0402: Attempted relative import beyond top-level package,False,,3,,1.734000000054948,,,,1,
psf__requests-1963,psf/requests,110048f9837f8441ea536804115e80b69f400277,static,requests/sessions.py,20,20,high,E0402: Attempted relative import beyond top-level package,False,,3,,1.734000000054948,,,,1,
psf__requests-1963,psf/requests,110048f9837f8441ea536804115e80b69f400277,static,requests/sessions.py,21,21,high,E0402: Attempted relative import beyond top-level package,False,,3,,1.734000000054948,,,,1,
psf__requests-1963,psf/requests,110048f9837f8441ea536804115e80b69f400277,static,requests/sessions.py,22,22,high,E0402: Attempted relative import beyond top-level package,False,,3,,1.734000000054948,,,,1,
psf__requests-1963,psf/requests,110048f9837f8441ea536804115e80b69f400277,static,requests/sessions.py,24,24,high,E0402: Attempted relative import beyond top-level package,False,,3,,1.734000000054948,,,,1,
psf__requests-1963,psf/requests,110048f9837f8441ea536804115e80b69f400277,static,requests/sessions.py,26,26,high,E0402: Attempted relative import beyond top-level package,False,,3,,1.734000000054948,,,,1,
psf__requests-1963,psf/requests,110048f9837f8441ea536804115e80b69f400277,static,requests/sessions.py,28,28,high,E0402: Attempted relative import beyond top-level package,False,,3,,1.734000000054948,,,,1,
psf__requests-1963,psf/requests,110048f9837f8441ea536804115e80b69f400277,static,requests/sessions.py,31,31,high,F401: `.models.REDIRECT_STATI` imported but unused,False,,3,,1.734000000054948,,,,1,
psf__requests-1963,psf/requests,110048f9837f8441ea536804115e80b69f400277,static,requests/sessions.py,31,31,high,E0402: Attempted relative import beyond top-level package,False,,3,,1.734000000054948,,,,1,
psf__requests-1963,psf/requests,110048f9837f8441ea536804115e80b69f400277,static,requests/sessions.py,12,12,medium,W4904: Using deprecated class Mapping of module collections,False,,3,,1.734000000054948,,,,1,
psf__requests-1963,psf/requests,110048f9837f8441ea536804115e80b69f400277,static,requests/sessions.py,31,31,medium,W0611: Unused REDIRECT_STATI imported from models,False,,3,,1.734000000054948,,,,1,
psf__requests-1963,psf/requests,110048f9837f8441ea536804115e80b69f400277,static,requests/sessions.py,93,93,medium,B018: Found useless expression. Either assign it to a variable or remove it.,False,,3,,1.734000000054948,,,,1,
psf__requests-1963,psf/requests,110048f9837f8441ea536804115e80b69f400277,static,requests/sessions.py,93,93,medium,W0104: Statement seems to have no effect,False,,3,,1.734000000054948,,,,1,
psf__requests-1963,psf/requests,110048f9837f8441ea536804115e80b69f400277,static,requests/sessions.py,153,153,medium,W0212: Access to a protected member _cookies of a client class,False,,3,,1.734000000054948,,,,1,
psf__requests-1963,psf/requests,110048f9837f8441ea536804115e80b69f400277,static,requests/sessions.py,154,154,medium,W0212: Access to a protected member _cookies of a client class,False,,3,,1.734000000054948,,,,1,
psf__requests-1963,psf/requests,110048f9837f8441ea536804115e80b69f400277,static,requests/sessions.py,155,155,medium,W0212: Access to a protected member _cookies of a client class,False,,3,,1.734000000054948,,,,1,
psf__requests-1963,psf/requests,110048f9837f8441ea536804115e80b69f400277,static,requests/sessions.py,401,401,medium,W1401: Anomalous backslash in string: '\*'. String constant might be missing an r prefix.,False,,3,,1.734000000054948,,,,1,
psf__requests-863,psf/requests,a0df2cbb10419037d11d04352b3175405ab52941,static,requests/models.py,15,15,high,E0402: Attempted relative import beyond top-level package,False,,3,,1.9059999999590218,,,,1,
psf__requests-863,psf/requests,a0df2cbb10419037d11d04352b3175405ab52941,static,requests/models.py,16,16,high,E0402: Attempted relative import beyond top-level package,False,,3,,1.9059999999590218,,,,1,
psf__requests-863,psf/requests,a0df2cbb10419037d11d04352b3175405ab52941,static,requests/models.py,17,17,high,E0402: Attempted relative import beyond top-level package,False,,3,,1.9059999999590218,,,,1,
psf__requests-863,psf/requests,a0df2cbb10419037d11d04352b3175405ab52941,static,requests/models.py,19,19,high,E0402: Attempted relative import beyond top-level package,False,,3,,1.9059999999590218,,,,1,
psf__requests-863,psf/requests,a0df2cbb10419037d11d04352b3175405ab52941,static,requests/models.py,20,20,high,E0402: Attempted relative import beyond top-level package,False,,3,,1.9059999999590218,,,,1,
psf__requests-863,psf/requests,a0df2cbb10419037d11d04352b3175405ab52941,static,requests/models.py,21,21,high,E0402: Attempted relative import beyond top-level package,False,,3,,1.9059999999590218,,,,1,
psf__requests-863,psf/requests,a0df2cbb10419037d11d04352b3175405ab52941,static,requests/models.py,22,22,high,E0402: Attempted relative import beyond top-level package,False,,3,,1.9059999999590218,,,,1,
psf__requests-863,psf/requests,a0df2cbb10419037d11d04352b3175405ab52941,static,requests/models.py,23,23,high,E0402: Attempted relative import beyond top-level package,False,,3,,1.9059999999590218,,,,1,
psf__requests-863,psf/requests,a0df2cbb10419037d11d04352b3175405ab52941,static,requests/models.py,24,24,high,E0402: Attempted relative import beyond top-level package,False,,3,,1.9059999999590218,,,,1,
psf__requests-863,psf/requests,a0df2cbb10419037d11d04352b3175405ab52941,static,requests/models.py,25,25,high,E0402: Attempted relative import beyond top-level package,False,,3,,1.9059999999590218,,,,1,
psf__requests-863,psf/requests,a0df2cbb10419037d11d04352b3175405ab52941,static,requests/models.py,26,26,high,E0402: Attempted relative import beyond top-level package,False,,3,,1.9059999999590218,,,,1,
psf__requests-863,psf/requests,a0df2cbb10419037d11d04352b3175405ab52941,static,requests/models.py,27,27,high,E0402: Attempted relative import beyond top-level package,False,,3,,1.9059999999590218,,,,1,
psf__requests-863,psf/requests,a0df2cbb10419037d11d04352b3175405ab52941,static,requests/models.py,28,30,high,E0402: Attempted relative import beyond top-level package,False,,3,,1.9059999999590218,,,,1,
psf__requests-863,psf/requests,a0df2cbb10419037d11d04352b3175405ab52941,static,requests/models.py,31,34,high,E0402: Attempted relative import beyond top-level package,False,,3,,1.9059999999590218,,,,1,
psf__requests-863,psf/requests,a0df2cbb10419037d11d04352b3175405ab52941,static,requests/models.py,35,37,high,E0402: Attempted relative import beyond top-level package,False,,3,,1.9059999999590218,,,,1,
psf__requests-863,psf/requests,a0df2cbb10419037d11d04352b3175405ab52941,static,requests/models.py,793,793,high,F632: Use `==` to compare constant literals,False,,3,,1.9059999999590218,,,,1,
psf__requests-863,psf/requests,a0df2cbb10419037d11d04352b3175405ab52941,static,requests/models.py,22,22,medium,W0622: Redefining built-in 'TimeoutError',False,,3,,1.9059999999590218,,,,1,
psf__requests-863,psf/requests,a0df2cbb10419037d11d04352b3175405ab52941,static,requests/models.py,28,30,medium,W0622: Redefining built-in 'ConnectionError',False,,3,,1.9059999999590218,,,,1,
psf__requests-863,psf/requests,a0df2cbb10419037d11d04352b3175405ab52941,static,requests/models.py,35,37,medium,W0622: Redefining built-in 'str',False,,3,,1.9059999999590218,,,,1,
psf__requests-863,psf/requests,a0df2cbb10419037d11d04352b3175405ab52941,static,requests/models.py,48,48,medium,W0102: Dangerous default value dict() (builtins.dict) as argument,False,,3,,1.9059999999590218,,,,1,
pylint-dev__pylint-6506,pylint-dev/pylint,0a4204fd7555cfedd43f43017c94d24ef48244a5,static,pylint/config/config_initialization.py,48,48,medium,W0212: Access to a protected member _unquote of a client class,False,,3,,1.547000000020489,,,,1,
pylint-dev__pylint-6506,pylint-dev/pylint,0a4204fd7555cfedd43f43017c94d24ef48244a5,static,pylint/config/config_initialization.py,52,52,medium,W0212: Access to a protected member _splitstrip of a client class,False,,3,,1.547000000020489,,,,1,
pylint-dev__pylint-6506,pylint-dev/pylint,0a4204fd7555cfedd43f43017c94d24ef48244a5,static,pylint/config/config_initialization.py,56,56,medium,W0212: Access to a protected member _parse_configuration_file of a client class,False,,3,,1.547000000020489,,,,1,
pylint-dev__pylint-6506,pylint-dev/pylint,0a4204fd7555cfedd43f43017c94d24ef48244a5,static,pylint/config/config_initialization.py,73,73,medium,W0212: Access to a protected member _parse_command_line_configuration of a client class,False,,3,,1.547000000020489,,,,1,
pylint-dev__pylint-6506,pylint-dev/pylint,0a4204fd7555cfedd43f43017c94d24ef48244a5,static,pylint/config/config_initialization.py,104,104,medium,W0212: Access to a protected member _parse_error_mode of a client class,False,,3,,1.547000000020489,,,,1,
pylint-dev__pylint-7228,pylint-dev/pylint,d597f252915ddcaaa15ccdfcb35670152cb83587,static,pylint/config/argument.py,49,49,medium,W0212: Access to a protected member _check_csv of a client class,False,,3,,2.9679999999934807,,,,1,
pylint-dev__pylint-7228,pylint-dev/pylint,d597f252915ddcaaa15ccdfcb35670152cb83587,static,pylint/config/argument.py,60,60,medium,W0212: Access to a protected member _check_csv of a client class,False,,3,,2.9679999999934807,,,,1,
pylint-dev__pylint-7228,pylint-dev/pylint,d597f252915ddcaaa15ccdfcb35670152cb83587,static,pylint/config/argument.py,83,83,medium,W0212: Access to a protected member _unquote of a client class,False,,3,,2.9679999999934807,,,,1,
pylint-dev__pylint-7228,pylint-dev/pylint,d597f252915ddcaaa15ccdfcb35670152cb83587,static,pylint/config/argument.py,136,136,medium,W0212: Access to a protected member _unquote of a client class,True,site-0002,3,,2.9679999999934807,,,,1,
pytest-dev__pytest-5103,pytest-dev/pytest,10ca84ffc56c2dd2d9dc4bd71b7b898e083500cd,static,src/_pytest/assertion/rewrite.py,932,932,high,E0606: Possibly using variable 'cond' before assignment,False,,3,,3.702999999979511,,,,1,
pytest-dev__pytest-5103,pytest-dev/pytest,10ca84ffc56c2dd2d9dc4bd71b7b898e083500cd,static,src/_pytest/assertion/rewrite.py,8,8,medium,W4901: Deprecated module 'imp',False,,3,,3.702999999979511,,,,1,
pytest-dev__pytest-5103,pytest-dev/pytest,10ca84ffc56c2dd2d9dc4bd71b7b898e083500cd,static,src/_pytest/assertion/rewrite.py,87,87,medium,W0212: Access to a protected member _assertstate of a client class,False,,3,,3.702999999979511,,,,1,
pytest-dev__pytest-5103,pytest-dev/pytest,10ca84ffc56c2dd2d9dc4bd71b7b898e083500cd,static,src/_pytest/assertion/rewrite.py,190,190,medium,W0212: Access to a protected member _initialpaths of a client class,False,,3,,3.702999999979511,,,,1,
pytest-dev__pytest-5103,pytest-dev/pytest,10ca84ffc56c2dd2d9dc4bd71b7b898e083500cd,static,src/_pytest/assertion/rewrite.py,301,301,medium,W0122: Use of exec,False,,3,,3.702999999979511,,,,1,
pytest-dev__pytest-5103,pytest-dev/pytest,10ca84ffc56c2dd2d9dc4bd71b7b898e083500cd,static,src/_pytest/assertion/rewrite.py,310,310,medium,W0612: Unused variable 'fn',False,,3,,3.702999999979511,,,,1,
pytest-dev__pytest-5103,pytest-dev/pytest,10ca84ffc56c2dd2d9dc4bd71b7b898e083500cd,static,src/_pytest/assertion/rewrite.py,328,328,medium,B018: Found useless expression. Either assign it to a variable or remove it.,False,,3,,3.702999999979511,,,,1,
pytest-dev__pytest-5103,pytest-dev/pytest,10ca84ffc56c2dd2d9dc4bd71b7b898e083500cd,static,src/_pytest/assertion/rewrite.py,328,328,medium,W0104: Statement seems to have no effect,False,,3,,3.702999999979511,,,,1,
pytest-dev__pytest-5103,pytest-dev/pytest,10ca84ffc56c2dd2d9dc4bd71b7b898e083500cd,static,src/_pytest/assertion/rewrite.py,376,376,medium,W0212: Access to a protected member _assertstate of a client class,False,,3,,3.702999999979511,,,,1,
pytest-dev__pytest-5103,pytest-dev/pytest,10ca84ffc56c2dd2d9dc4bd71b7b898e083500cd,static,src/_pytest/assertion/rewrite.py,404,404,medium,W0212: Access to a protected member _indecode of a client class,False,,3,,3.702999999979511,,,,1,
pytest-dev__pytest-5103,pytest-dev/pytest,10ca84ffc56c2dd2d9dc4bd71b7b898e083500cd,static,src/_pytest/assertion/rewrite.py,457,457,medium,W0718: Catching too general exception Exception,False,,3,,3.702999999979511,,,,1,
pytest-dev__pytest-5103,pytest-dev/pytest,10ca84ffc56c2dd2d9dc4bd71b7b898e083500cd,static,src/_pytest/assertion/rewrite.py,486,486,medium,W1406: The u prefix for strings is no longer necessary in Python >=3.0,False,,3,,3.702999999979511,,,,1,
pytest-dev__pytest-5103,pytest-dev/pytest,10ca84ffc56c2dd2d9dc4bd71b7b898e083500cd,static,src/_pytest/assertion/rewrite.py,487,487,medium,W1406: The u prefix for strings is no longer necessary in Python >=3.0,False,,3,,3.702999999979511,,,,1,
pytest-dev__pytest-5103,pytest-dev/pytest,10ca84ffc56c2dd2d9dc4bd71b7b898e083500cd,static,src/_pytest/assertion/rewrite.py,490,490,medium,W1406: The u prefix for strings is no longer necessary in Python >=3.0,False,,3,,3.702999999979511,,,,1,
pytest-dev__pytest-5103,pytest-dev/pytest,10ca84ffc56c2dd2d9dc4bd71b7b898e083500cd,static,src/_pytest/assertion/rewrite.py,505,505,medium,W1406: The u prefix for strings is no longer necessary in Python >=3.0,False,,3,,3.702999999979511,,,,1,
pytest-dev__pytest-5103,pytest-dev/pytest,10ca84ffc56c2dd2d9dc4bd71b7b898e083500cd,static,src/_pytest/assertion/rewrite.py,508,508,medium,W1406: The u prefix for strings is no longer necessary in Python >=3.0,False,,3,,3.702999999979511,,,,1,
pytest-dev__pytest-5103,pytest-dev/pytest,10ca84ffc56c2dd2d9dc4bd71b7b898e083500cd,static,src/_pytest/assertion/rewrite.py,525,525,medium,W0718: Catching too general exception Exception,False,,3,,3.702999999979511,,,,1,
pytest-dev__pytest-5103,pytest-dev/pytest,10ca84ffc56c2dd2d9dc4bd71b7b898e083500cd,static,src/_pytest/assertion/rewrite.py,532,532,medium,W1406: The u prefix for strings is no longer necessary in Python >=3.0,False,,3,,3.702999999979511,,,,1,
pytest-dev__pytest-5103,pytest-dev/pytest,10ca84ffc56c2dd2d9dc4bd71b7b898e083500cd,static,src/_pytest/assertion/rewrite.py,538,538,medium,B007: Loop control variable `i` not used within loop body,False,,3,,3.702999999979511,,,,1,
pytest-dev__pytest-5103,pytest-dev/pytest,10ca84ffc56c2dd2d9dc4bd71b7b898e083500cd,static,src/_pytest/assertion/rewrite.py,541,541,medium,W0718: Catching too general exception Exception,False,,3,,3.702999999979511,,,,1,
pytest-dev__pytest-5227,pytest-dev/pytest,2051e30b9b596e944524ccb787ed20f9f5be93e3,static,src/_pytest/logging.py,200,200,high,E1101: Module 'py' has no 'io' member,False,,3,,3.656000000075437,,,,1,
pytest-dev__pytest-5227,pytest-dev/pytest,2051e30b9b596e944524ccb787ed20f9f5be93e3,static,src/_pytest/logging.py,210,210,high,E1101: Module 'py' has no 'io' member,False,,3,,3.656000000075437,,,,1,
pytest-dev__pytest-5227,pytest-dev/pytest,2051e30b9b596e944524ccb787ed20f9f5be93e3,static,src/_pytest/logging.py,70,70,medium,W0212: Access to a protected member _fmt of a client class,False,,3,,3.656000000075437,,,,1,
pytest-dev__pytest-5227,pytest-dev/pytest,2051e30b9b596e944524ccb787ed20f9f5be93e3,static,src/_pytest/logging.py,87,87,medium,W0622: Redefining built-in 'type',False,,3,,3.656000000075437,,,,1,
pytest-dev__pytest-5227,pytest-dev/pytest,2051e30b9b596e944524ccb787ed20f9f5be93e3,static,src/_pytest/logging.py,345,345,medium,W0212: Access to a protected member _finalize of a client class,False,,3,,3.656000000075437,,,,1,
pytest-dev__pytest-5227,pytest-dev/pytest,2051e30b9b596e944524ccb787ed20f9f5be93e3,static,src/_pytest/logging.py,366,370,medium,"B904: Within an `except` clause, raise exceptions with `raise ... from err` or `raise ... from None` to distinguish them from errors in exception handling",False,,3,,3.656000000075437,,,,1,
pytest-dev__pytest-5227,pytest-dev/pytest,2051e30b9b596e944524ccb787ed20f9f5be93e3,static,src/_pytest/logging.py,366,370,medium,"W0707: Consider explicitly re-raising using 'except ValueError as exc' and 'raise pytest.UsageError(""'{}' is not recognized as a logging level name for '{}'. Please consider passing the logging level num instead."".format(log_level, setting_name)) from exc'",False,,3,,3.656000000075437,,,,1,
pytest-dev__pytest-5227,pytest-dev/pytest,2051e30b9b596e944524ccb787ed20f9f5be93e3,static,src/_pytest/logging.py,422,422,medium,W0108: Lambda may not be necessary,False,,3,,3.656000000075437,,,,1,
pytest-dev__pytest-5227,pytest-dev/pytest,2051e30b9b596e944524ccb787ed20f9f5be93e3,static,src/_pytest/logging.py,604,604,medium,W0613: Unused argument 'session',False,,3,,3.656000000075437,,,,1,
pytest-dev__pytest-5227,pytest-dev/pytest,2051e30b9b596e944524ccb787ed20f9f5be93e3,static,src/_pytest/logging.py,654,654,medium,W0201: Attribute '_first_record_emitted' defined outside __init__,False,,3,,3.656000000075437,,,,1,
pytest-dev__pytest-5227,pytest-dev/pytest,2051e30b9b596e944524ccb787ed20f9f5be93e3,static,src/_pytest/logging.py,661,661,medium,W0201: Attribute '_section_name_shown' defined outside __init__,False,,3,,3.656000000075437,,,,1,
pytest-dev__pytest-5227,pytest-dev/pytest,2051e30b9b596e944524ccb787ed20f9f5be93e3,static,src/_pytest/logging.py,87,87,low,A002: Function argument `type` is shadowing a Python builtin,False,,3,,3.656000000075437,,,,1,
pytest-dev__pytest-5413,pytest-dev/pytest,450d2646233c670654744d3d24330b69895bb9d2,static,src/_pytest/_code/code.py,811,811,high,E1101: Module 'py' has no 'io' member,False,,3,,3.422000000020489,,,,1,
pytest-dev__pytest-5413,pytest-dev/pytest,450d2646233c670654744d3d24330b69895bb9d2,static,src/_pytest/_code/code.py,812,812,high,E1101: Module 'py' has no 'io' member,False,,3,,3.422000000020489,,,,1,
pytest-dev__pytest-5413,pytest-dev/pytest,450d2646233c670654744d3d24330b69895bb9d2,static,src/_pytest/_code/code.py,813,813,high,E1101: Instance of 'TerminalRepr' has no 'toterminal' member,False,,3,,3.422000000020489,,,,1,
pytest-dev__pytest-5413,pytest-dev/pytest,450d2646233c670654744d3d24330b69895bb9d2,static,src/_pytest/_code/code.py,30,30,medium,"B904: Within an `except` clause, raise exceptions with `raise ... from err` or `raise ... from None` to distinguish them from errors in exception handling",False,,3,,3.422000000020489,,,,1,
pytest-dev__pytest-5413,pytest-dev/pytest,450d2646233c670654744d3d24330b69895bb9d2,static,src/_pytest/_code/code.py,30,30,medium,W0707: Consider explicitly re-raising using 'except AttributeError as exc' and 'raise TypeError('not a code object: {!r}'.format(rawcode)) from exc',False,,3,,3.422000000020489,,,,1,
pytest-dev__pytest-5413,pytest-dev/pytest,450d2646233c670654744d3d24330b69895bb9d2,static,src/_pytest/_code/code.py,51,51,medium,W0511: XXX maybe try harder like the weird logic,False,,3,,3.422000000020489,,,,1,
pytest-dev__pytest-5413,pytest-dev/pytest,450d2646233c670654744d3d24330b69895bb9d2,static,src/_pytest/_code/code.py,72,72,medium,W0212: Access to a protected member _code of a client class,False,,3,,3.422000000020489,,,,1,
pytest-dev__pytest-5413,pytest-dev/pytest,450d2646233c670654744d3d24330b69895bb9d2,static,src/_pytest/_code/code.py,106,106,medium,W0212: Access to a protected member _code of a client class,False,,3,,3.422000000020489,,,,1,
pytest-dev__pytest-5413,pytest-dev/pytest,450d2646233c670654744d3d24330b69895bb9d2,static,src/_pytest/_code/code.py,109,109,medium,W0622: Redefining built-in 'vars',False,,3,,3.422000000020489,,,,1,
pytest-dev__pytest-5413,pytest-dev/pytest,450d2646233c670654744d3d24330b69895bb9d2,static,src/_pytest/_code/code.py,118,118,medium,W0123: Use of eval,False,,3,,3.422000000020489,,,,1,
pytest-dev__pytest-5413,pytest-dev/pytest,450d2646233c670654744d3d24330b69895bb9d2,static,src/_pytest/_code/code.py,120,120,medium,W0622: Redefining built-in 'vars',False,,3,,3.422000000020489,,,,1,
pytest-dev__pytest-5413,pytest-dev/pytest,450d2646233c670654744d3d24330b69895bb9d2,static,src/_pytest/_code/code.py,127,127,medium,W0122: Use of exec,False,,3,,3.422000000020489,,,,1,
pytest-dev__pytest-5413,pytest-dev/pytest,450d2646233c670654744d3d24330b69895bb9d2,static,src/_pytest/_code/code.py,129,129,medium,W0622: Redefining built-in 'object',False,,3,,3.422000000020489,,,,1,
pytest-dev__pytest-5413,pytest-dev/pytest,450d2646233c670654744d3d24330b69895bb9d2,static,src/_pytest/_code/code.py,134,134,medium,W0622: Redefining built-in 'object',False,,3,,3.422000000020489,,,,1,
pytest-dev__pytest-5413,pytest-dev/pytest,450d2646233c670654744d3d24330b69895bb9d2,static,src/_pytest/_code/code.py,171,171,medium,W0212: Access to a protected member _code of a client class,False,,3,,3.422000000020489,,,,1,
pytest-dev__pytest-5413,pytest-dev/pytest,450d2646233c670654744d3d24330b69895bb9d2,static,src/_pytest/_code/code.py,254,255,medium,W0702: No exception type(s) specified,False,,3,,3.422000000020489,,,,1,
pytest-dev__pytest-5413,pytest-dev/pytest,450d2646233c670654744d3d24330b69895bb9d2,static,src/_pytest/_code/code.py,308,308,medium,W0212: Access to a protected member _rawentry of a client class,False,,3,,3.422000000020489,,,,1,
pytest-dev__pytest-5413,pytest-dev/pytest,450d2646233c670654744d3d24330b69895bb9d2,static,src/_pytest/_code/code.py,348,348,medium,W0511: XXX needs a test,False,,3,,3.422000000020489,,,,1,
pytest-dev__pytest-5413,pytest-dev/pytest,450d2646233c670654744d3d24330b69895bb9d2,static,src/_pytest/_code/code.py,520,520,medium,W0212: Access to a protected member _rawentry of a client class,False,,3,,3.422000000020489,,,,1,
pytest-dev__pytest-5413,pytest-dev/pytest,450d2646233c670654744d3d24330b69895bb9d2,static,src/_pytest/_code/code.py,552,552,medium,W0612: Unused variable '__tracebackhide__',False,,3,,3.422000000020489,,,,1,
pytest-dev__pytest-5692,pytest-dev/pytest,29e336bd9bf87eaef8e2683196ee1975f1ad4088,static,src/_pytest/junitxml.py,24,24,high,E1101: Module 'py' has no 'xml' member,False,,3,,3.39000000001397,,,,1,
pytest-dev__pytest-5692,pytest-dev/pytest,29e336bd9bf87eaef8e2683196ee1975f1ad4088,static,src/_pytest/junitxml.py,57,57,high,E1101: Module 'py' has no 'xml' member,False,,3,,3.39000000001397,,,,1,
pytest-dev__pytest-5692,pytest-dev/pytest,29e336bd9bf87eaef8e2683196ee1975f1ad4088,static,src/_pytest/junitxml.py,147,147,high,E0202: An attribute defined in tmpwmqtv7gu line 275 hides this method,False,,3,,3.39000000001397,,,,1,
pytest-dev__pytest-5692,pytest-dev/pytest,29e336bd9bf87eaef8e2683196ee1975f1ad4088,static,src/_pytest/junitxml.py,275,275,high,E1101: Module 'py' has no 'xml' member,False,,3,,3.39000000001397,,,,1,
pytest-dev__pytest-5692,pytest-dev/pytest,29e336bd9bf87eaef8e2683196ee1975f1ad4088,static,src/_pytest/junitxml.py,63,63,medium,B007: Loop control variable `kr` not used within loop body,False,,3,,3.39000000001397,,,,1,
pytest-dev__pytest-5692,pytest-dev/pytest,29e336bd9bf87eaef8e2683196ee1975f1ad4088,static,src/_pytest/junitxml.py,63,63,medium,W0612: Unused variable 'kr',False,,3,,3.39000000001397,,,,1,
pytest-dev__pytest-5692,pytest-dev/pytest,29e336bd9bf87eaef8e2683196ee1975f1ad4088,static,src/_pytest/junitxml.py,212,212,medium,W0613: Unused argument 'report',False,,3,,3.39000000001397,,,,1,
pytest-dev__pytest-5692,pytest-dev/pytest,29e336bd9bf87eaef8e2683196ee1975f1ad4088,static,src/_pytest/junitxml.py,329,329,medium,W0613: Unused argument 'name',False,,3,,3.39000000001397,,,,1,
pytest-dev__pytest-5692,pytest-dev/pytest,29e336bd9bf87eaef8e2683196ee1975f1ad4088,static,src/_pytest/junitxml.py,345,345,medium,W0612: Unused variable '__tracebackhide__',False,,3,,3.39000000001397,,,,1,
pytest-dev__pytest-5692,pytest-dev/pytest,29e336bd9bf87eaef8e2683196ee1975f1ad4088,static,src/_pytest/junitxml.py,368,368,medium,W0612: Unused variable '__tracebackhide__',False,,3,,3.39000000001397,,,,1,
pytest-dev__pytest-5692,pytest-dev/pytest,29e336bd9bf87eaef8e2683196ee1975f1ad4088,static,src/_pytest/junitxml.py,370,370,medium,W0613: Unused argument 'value',False,,3,,3.39000000001397,,,,1,
pytest-dev__pytest-5692,pytest-dev/pytest,29e336bd9bf87eaef8e2683196ee1975f1ad4088,static,src/_pytest/junitxml.py,372,372,medium,W0612: Unused variable '__tracebackhide__',False,,3,,3.39000000001397,,,,1,
pytest-dev__pytest-5692,pytest-dev/pytest,29e336bd9bf87eaef8e2683196ee1975f1ad4088,static,src/_pytest/junitxml.py,432,432,medium,W0212: Access to a protected member _xml of a client class,False,,3,,3.39000000001397,,,,1,
pytest-dev__pytest-5692,pytest-dev/pytest,29e336bd9bf87eaef8e2683196ee1975f1ad4088,static,src/_pytest/junitxml.py,441,441,medium,W0212: Access to a protected member _xml of a client class,False,,3,,3.39000000001397,,,,1,
pytest-dev__pytest-5692,pytest-dev/pytest,29e336bd9bf87eaef8e2683196ee1975f1ad4088,static,src/_pytest/junitxml.py,514,514,medium,W0511: TODO: breasks for --dist=each,False,,3,,3.39000000001397,,,,1,
pytest-dev__pytest-5692,pytest-dev/pytest,29e336bd9bf87eaef8e2683196ee1975f1ad4088,static,src/_pytest/junitxml.py,638,638,medium,W0212: Access to a protected member _add_simple of a client class,False,,3,,3.39000000001397,,,,1,
pytest-dev__pytest-5692,pytest-dev/pytest,29e336bd9bf87eaef8e2683196ee1975f1ad4088,static,src/_pytest/junitxml.py,641,641,medium,W0201: Attribute 'suite_start_time' defined outside __init__,False,,3,,3.39000000001397,,,,1,
pytest-dev__pytest-5692,pytest-dev/pytest,29e336bd9bf87eaef8e2683196ee1975f1ad4088,static,src/_pytest/junitxml.py,677,677,medium,W0612: Unused variable '__tracebackhide__',False,,3,,3.39000000001397,,,,1,
pytest-dev__pytest-6116,pytest-dev/pytest,e670ff76cbad80108bde9bab616b66771b8653cf,static,src/_pytest/main.py,8,8,high,F401: `typing.Dict` imported but unused,False,,3,,4.25,,,,1,
pytest-dev__pytest-6116,pytest-dev/pytest,e670ff76cbad80108bde9bab616b66771b8653cf,static,src/_pytest/main.py,20,20,high,F401: `_pytest.runner.SetupState` imported but unused,False,,3,,4.25,,,,1,
pytest-dev__pytest-6116,pytest-dev/pytest,e670ff76cbad80108bde9bab616b66771b8653cf,static,src/_pytest/main.py,18,18,medium,W0622: Redefining built-in 'exit',False,,3,,4.25,,,,1,
pytest-dev__pytest-6116,pytest-dev/pytest,e670ff76cbad80108bde9bab616b66771b8653cf,static,src/_pytest/main.py,61,68,medium,"W0106: Expression ""(group._addoption('-x', '--exitfirst', action='store_const', dest='maxfail', const=1, help='exit instantly on first error or failed test.'), )"" is assigned to nothing",False,,3,,4.25,,,,1,
pytest-dev__pytest-6116,pytest-dev/pytest,e670ff76cbad80108bde9bab616b66771b8653cf,static,src/_pytest/main.py,61,61,medium,W0212: Access to a protected member _addoption of a client class,False,,3,,4.25,,,,1,
pytest-dev__pytest-6116,pytest-dev/pytest,e670ff76cbad80108bde9bab616b66771b8653cf,static,src/_pytest/main.py,69,69,medium,W0212: Access to a protected member _addoption of a client class,False,,3,,4.25,,,,1,
pytest-dev__pytest-6116,pytest-dev/pytest,e670ff76cbad80108bde9bab616b66771b8653cf,static,src/_pytest/main.py,78,78,medium,W0212: Access to a protected member _addoption of a client class,False,,3,,4.25,,,,1,
pytest-dev__pytest-6116,pytest-dev/pytest,e670ff76cbad80108bde9bab616b66771b8653cf,static,src/_pytest/main.py,84,84,medium,W0212: Access to a protected member _addoption of a client class,False,,3,,4.25,,,,1,
pytest-dev__pytest-6116,pytest-dev/pytest,e670ff76cbad80108bde9bab616b66771b8653cf,static,src/_pytest/main.py,92,92,medium,W0212: Access to a protected member _addoption of a client class,False,,3,,4.25,,,,1,
pytest-dev__pytest-6116,pytest-dev/pytest,e670ff76cbad80108bde9bab616b66771b8653cf,static,src/_pytest/main.py,99,99,medium,W0212: Access to a protected member _addoption of a client class,False,,3,,4.25,,,,1,
pytest-dev__pytest-6116,pytest-dev/pytest,e670ff76cbad80108bde9bab616b66771b8653cf,static,src/_pytest/main.py,109,114,medium,"W0106: Expression ""(group.addoption('--collectonly', '--collect-only', action='store_true', help=""only collect tests, don't execute them.""), )"" is assigned to nothing",True,site-0001,3,,4.25,,,,1,
pytest-dev__pytest-6116,pytest-dev/pytest,e670ff76cbad80108bde9bab616b66771b8653cf,static,src/_pytest/main.py,191,191,medium,W0212: Access to a protected member _do_configure of a client class,False,,3,,4.25,,,,1,
pytest-dev__pytest-6116,pytest-dev/pytest,e670ff76cbad80108bde9bab616b66771b8653cf,static,src/_pytest/main.py,202,202,medium,W0212: Access to a protected member _code of a client class,False,,3,,4.25,,,,1,
pytest-dev__pytest-6116,pytest-dev/pytest,e670ff76cbad80108bde9bab616b66771b8653cf,static,src/_pytest/main.py,213,218,medium,W0702: No exception type(s) specified,False,,3,,4.25,,,,1,
pytest-dev__pytest-6116,pytest-dev/pytest,e670ff76cbad80108bde9bab616b66771b8653cf,static,src/_pytest/main.py,214,214,medium,W0212: Access to a protected member _code of a client class,False,,3,,4.25,,,,1,
pytest-dev__pytest-6116,pytest-dev/pytest,e670ff76cbad80108bde9bab616b66771b8653cf,static,src/_pytest/main.py,227,227,medium,W0212: Access to a protected member _ensure_unconfigure of a client class,False,,3,,4.25,,,,1,
pytest-dev__pytest-6116,pytest-dev/pytest,e670ff76cbad80108bde9bab616b66771b8653cf,static,src/_pytest/main.py,289,289,medium,W0212: Access to a protected member _getconftest_pathlist of a client class,False,,3,,4.25,,,,1,
pytest-dev__pytest-6116,pytest-dev/pytest,e670ff76cbad80108bde9bab616b66771b8653cf,static,src/_pytest/main.py,298,298,medium,W0212: Access to a protected member _getconftest_pathlist of a client class,False,,3,,4.25,,,,1,
pytest-dev__pytest-6116,pytest-dev/pytest,e670ff76cbad80108bde9bab616b66771b8653cf,static,src/_pytest/main.py,434,434,medium,W0212: Access to a protected member _getconftestmodules of a client class,False,,3,,4.25,,,,1,
pytest-dev__pytest-6116,pytest-dev/pytest,e670ff76cbad80108bde9bab616b66771b8653cf,static,src/_pytest/main.py,435,435,medium,W0212: Access to a protected member _conftest_plugins of a client class,False,,3,,4.25,,,,1,
pytest-dev__pytest-7168,pytest-dev/pytest,4787fd64a4ca0dba5528b5651bddd254102fe9f3,static,src/_pytest/_io/saferepr.py,11,11,medium,W0718: Catching too general exception BaseException,False,,3,,1.4059999999590218,,,,1,
pytest-dev__pytest-7168,pytest-dev/pytest,4787fd64a4ca0dba5528b5651bddd254102fe9f3,static,src/_pytest/_io/saferepr.py,20,20,medium,W0718: Catching too general exception BaseException,True,site-0001,3,,1.4059999999590218,,,,1,
pytest-dev__pytest-7168,pytest-dev/pytest,4787fd64a4ca0dba5528b5651bddd254102fe9f3,static,src/_pytest/_io/saferepr.py,20,21,medium,W0613: Unused argument 'exc',True,site-0001,3,,1.4059999999590218,,,,1,
pytest-dev__pytest-7168,pytest-dev/pytest,4787fd64a4ca0dba5528b5651bddd254102fe9f3,static,src/_pytest/_io/saferepr.py,50,50,medium,W0718: Catching too general exception BaseException,False,,3,,1.4059999999590218,,,,1,
pytest-dev__pytest-7168,pytest-dev/pytest,4787fd64a4ca0dba5528b5651bddd254102fe9f3,static,src/_pytest/_io/saferepr.py,59,59,medium,W0718: Catching too general exception BaseException,False,,3,,1.4059999999590218,,,,1,
pytest-dev__pytest-7168,pytest-dev/pytest,4787fd64a4ca0dba5528b5651bddd254102fe9f3,static,src/_pytest/_io/saferepr.py,71,71,medium,W0718: Catching too general exception Exception,False,,3,,1.4059999999590218,,,,1,
pytest-dev__pytest-7168,pytest-dev/pytest,4787fd64a4ca0dba5528b5651bddd254102fe9f3,static,src/_pytest/_io/saferepr.py,88,88,medium,W0622: Redefining built-in 'object',False,,3,,1.4059999999590218,,,,1,
pytest-dev__pytest-7168,pytest-dev/pytest,4787fd64a4ca0dba5528b5651bddd254102fe9f3,static,src/_pytest/_io/saferepr.py,100,100,medium,W0622: Redefining built-in 'object',False,,3,,1.4059999999590218,,,,1,
pytest-dev__pytest-7168,pytest-dev/pytest,4787fd64a4ca0dba5528b5651bddd254102fe9f3,static,src/_pytest/_io/saferepr.py,88,88,low,A002: Function argument `object` is shadowing a Python builtin,False,,3,,1.4059999999590218,,,,1,
pytest-dev__pytest-7168,pytest-dev/pytest,4787fd64a4ca0dba5528b5651bddd254102fe9f3,static,src/_pytest/_io/saferepr.py,100,100,low,A002: Function argument `object` is shadowing a Python builtin,False,,3,,1.4059999999590218,,,,1,
pytest-dev__pytest-7432,pytest-dev/pytest,e6e300e729dd33956e5448d8be9a0b1540b4e53a,static,src/_pytest/skipping.py,108,108,high,E1101: Module '_pytest._code' has no 'compile' member,False,,3,,3.172000000020489,,,,1,
pytest-dev__pytest-7432,pytest-dev/pytest,e6e300e729dd33956e5448d8be9a0b1540b4e53a,static,src/_pytest/skipping.py,27,27,medium,W0611: Unused Type imported from typing,False,,3,,3.172000000020489,,,,1,
pytest-dev__pytest-7432,pytest-dev/pytest,e6e300e729dd33956e5448d8be9a0b1540b4e53a,static,src/_pytest/skipping.py,55,55,medium,W0212: Access to a protected member _cleanup of a client class,False,,3,,3.172000000020489,,,,1,
pytest-dev__pytest-7432,pytest-dev/pytest,e6e300e729dd33956e5448d8be9a0b1540b4e53a,static,src/_pytest/skipping.py,57,57,medium,W0613: Unused argument 'args',False,,3,,3.172000000020489,,,,1,
pytest-dev__pytest-7432,pytest-dev/pytest,e6e300e729dd33956e5448d8be9a0b1540b4e53a,static,src/_pytest/skipping.py,61,61,medium,B010: Do not call `setattr` with a constant attribute value. It is not any safer than normal property access.,False,,3,,3.172000000020489,,,,1,
pytest-dev__pytest-7432,pytest-dev/pytest,e6e300e729dd33956e5448d8be9a0b1540b4e53a,static,src/_pytest/skipping.py,108,108,medium,W0212: Access to a protected member _code of a client class,False,,3,,3.172000000020489,,,,1,
pytest-dev__pytest-7432,pytest-dev/pytest,e6e300e729dd33956e5448d8be9a0b1540b4e53a,static,src/_pytest/skipping.py,109,109,medium,W0123: Use of eval,False,,3,,3.172000000020489,,,,1,
pytest-dev__pytest-7432,pytest-dev/pytest,e6e300e729dd33956e5448d8be9a0b1540b4e53a,static,src/_pytest/skipping.py,118,118,medium,W0718: Catching too general exception Exception,False,,3,,3.172000000020489,,,,1,
pytest-dev__pytest-7432,pytest-dev/pytest,e6e300e729dd33956e5448d8be9a0b1540b4e53a,static,src/_pytest/skipping.py,130,130,medium,W0718: Catching too general exception Exception,False,,3,,3.172000000020489,,,,1,
pytest-dev__pytest-7432,pytest-dev/pytest,e6e300e729dd33956e5448d8be9a0b1540b4e53a,static,src/_pytest/skipping.py,142,142,medium,W0511: XXX better be checked at collection time,False,,3,,3.172000000020489,,,,1,
pytest-dev__pytest-7432,pytest-dev/pytest,e6e300e729dd33956e5448d8be9a0b1540b4e53a,static,src/_pytest/skipping.py,234,234,medium,W0212: Access to a protected member _store of a client class,False,,3,,3.172000000020489,,,,1,
pytest-dev__pytest-7432,pytest-dev/pytest,e6e300e729dd33956e5448d8be9a0b1540b4e53a,static,src/_pytest/skipping.py,238,238,medium,W0212: Access to a protected member _store of a client class,False,,3,,3.172000000020489,,,,1,
pytest-dev__pytest-7432,pytest-dev/pytest,e6e300e729dd33956e5448d8be9a0b1540b4e53a,static,src/_pytest/skipping.py,242,242,medium,W0212: Access to a protected member _store of a client class,False,,3,,3.172000000020489,,,,1,
pytest-dev__pytest-7432,pytest-dev/pytest,e6e300e729dd33956e5448d8be9a0b1540b4e53a,static,src/_pytest/skipping.py,249,249,medium,W0212: Access to a protected member _store of a client class,False,,3,,3.172000000020489,,,,1,
pytest-dev__pytest-7432,pytest-dev/pytest,e6e300e729dd33956e5448d8be9a0b1540b4e53a,static,src/_pytest/skipping.py,251,251,medium,W0212: Access to a protected member _store of a client class,False,,3,,3.172000000020489,,,,1,
pytest-dev__pytest-7432,pytest-dev/pytest,e6e300e729dd33956e5448d8be9a0b1540b4e53a,static,src/_pytest/skipping.py,264,264,medium,W0212: Access to a protected member _store of a client class,False,,3,,3.172000000020489,,,,1,
pytest-dev__pytest-7432,pytest-dev/pytest,e6e300e729dd33956e5448d8be9a0b1540b4e53a,static,src/_pytest/skipping.py,266,266,medium,W0212: Access to a protected member _store of a client class,False,,3,,3.172000000020489,,,,1,
pytest-dev__pytest-7432,pytest-dev/pytest,e6e300e729dd33956e5448d8be9a0b1540b4e53a,static,src/_pytest/skipping.py,267,267,medium,W0212: Access to a protected member _store of a client class,False,,3,,3.172000000020489,,,,1,
pytest-dev__pytest-7432,pytest-dev/pytest,e6e300e729dd33956e5448d8be9a0b1540b4e53a,static,src/_pytest/skipping.py,295,295,medium,W0212: Access to a protected member _store of a client class,True,site-0001,3,,3.172000000020489,,,,1,
pytest-dev__pytest-7490,pytest-dev/pytest,7f7a36478abe7dd1fa993b115d22606aa0e35e88,static,src/_pytest/skipping.py,26,26,medium,W0611: Unused Type imported from typing,False,,3,,3.172000000020489,,,,1,
pytest-dev__pytest-7490,pytest-dev/pytest,7f7a36478abe7dd1fa993b115d22606aa0e35e88,static,src/_pytest/skipping.py,54,54,medium,W0212: Access to a protected member _cleanup of a client class,False,,3,,3.172000000020489,,,,1,
pytest-dev__pytest-7490,pytest-dev/pytest,7f7a36478abe7dd1fa993b115d22606aa0e35e88,static,src/_pytest/skipping.py,56,56,medium,W0613: Unused argument 'args',False,,3,,3.172000000020489,,,,1,
pytest-dev__pytest-7490,pytest-dev/pytest,7f7a36478abe7dd1fa993b115d22606aa0e35e88,static,src/_pytest/skipping.py,60,60,medium,B010: Do not call `setattr` with a constant attribute value. It is not any safer than normal property access.,False,,3,,3.172000000020489,,,,1,
pytest-dev__pytest-7490,pytest-dev/pytest,7f7a36478abe7dd1fa993b115d22606aa0e35e88,static,src/_pytest/skipping.py,109,109,medium,W0123: Use of eval,False,,3,,3.172000000020489,,,,1,
pytest-dev__pytest-7490,pytest-dev/pytest,7f7a36478abe7dd1fa993b115d22606aa0e35e88,static,src/_pytest/skipping.py,118,118,medium,W0718: Catching too general exception Exception,False,,3,,3.172000000020489,,,,1,
pytest-dev__pytest-7490,pytest-dev/pytest,7f7a36478abe7dd1fa993b115d22606aa0e35e88,static,src/_pytest/skipping.py,130,130,medium,W0718: Catching too general exception Exception,False,,3,,3.172000000020489,,,,1,
pytest-dev__pytest-7490,pytest-dev/pytest,7f7a36478abe7dd1fa993b115d22606aa0e35e88,static,src/_pytest/skipping.py,142,142,medium,W0511: XXX better be checked at collection time,False,,3,,3.172000000020489,,,,1,
pytest-dev__pytest-7490,pytest-dev/pytest,7f7a36478abe7dd1fa993b115d22606aa0e35e88,static,src/_pytest/skipping.py,234,234,medium,W0212: Access to a protected member _store of a client class,True,site-0001,3,,3.172000000020489,,,,1,
pytest-dev__pytest-7490,pytest-dev/pytest,7f7a36478abe7dd1fa993b115d22606aa0e35e88,static,src/_pytest/skipping.py,238,238,medium,W0212: Access to a protected member _store of a client class,True,site-0001,3,,3.172000000020489,,,,1,
pytest-dev__pytest-7490,pytest-dev/pytest,7f7a36478abe7dd1fa993b115d22606aa0e35e88,static,src/_pytest/skipping.py,242,242,medium,W0212: Access to a protected member _store of a client class,True,site-0001,3,,3.172000000020489,,,,1,
pytest-dev__pytest-7490,pytest-dev/pytest,7f7a36478abe7dd1fa993b115d22606aa0e35e88,static,src/_pytest/skipping.py,249,249,medium,W0212: Access to a protected member _store of a client class,True,site-0001,3,,3.172000000020489,,,,1,
pytest-dev__pytest-7490,pytest-dev/pytest,7f7a36478abe7dd1fa993b115d22606aa0e35e88,static,src/_pytest/skipping.py,251,251,medium,W0212: Access to a protected member _store of a client class,True,site-0002,3,,3.172000000020489,,,,1,
pytest-dev__pytest-7490,pytest-dev/pytest,7f7a36478abe7dd1fa993b115d22606aa0e35e88,static,src/_pytest/skipping.py,264,264,medium,W0212: Access to a protected member _store of a client class,True,site-0002,3,,3.172000000020489,,,,1,
pytest-dev__pytest-7490,pytest-dev/pytest,7f7a36478abe7dd1fa993b115d22606aa0e35e88,static,src/_pytest/skipping.py,266,266,medium,W0212: Access to a protected member _store of a client class,False,,3,,3.172000000020489,,,,1,
pytest-dev__pytest-7490,pytest-dev/pytest,7f7a36478abe7dd1fa993b115d22606aa0e35e88,static,src/_pytest/skipping.py,267,267,medium,W0212: Access to a protected member _store of a client class,False,,3,,3.172000000020489,,,,1,
pytest-dev__pytest-7490,pytest-dev/pytest,7f7a36478abe7dd1fa993b115d22606aa0e35e88,static,src/_pytest/skipping.py,296,296,medium,W0212: Access to a protected member _store of a client class,False,,3,,3.172000000020489,,,,1,
pytest-dev__pytest-9359,pytest-dev/pytest,e2ee3144ed6e241dea8d96215fcdca18b3892551,static,src/_pytest/_code/source.py,101,101,medium,W0621: Redefining name 'ast' from outer scope (line 1),False,,3,,2.797000000020489,,,,1,
pytest-dev__pytest-9359,pytest-dev/pytest,e2ee3144ed6e241dea8d96215fcdca18b3892551,static,src/_pytest/_code/source.py,101,101,medium,W0612: Unused variable 'ast',False,,3,,2.797000000020489,,,,1,
pytest-dev__pytest-9359,pytest-dev/pytest,e2ee3144ed6e241dea8d96215fcdca18b3892551,static,src/_pytest/_code/source.py,122,122,medium,W0718: Catching too general exception Exception,False,,3,,2.797000000020489,,,,1,
pytest-dev__pytest-9359,pytest-dev/pytest,e2ee3144ed6e241dea8d96215fcdca18b3892551,static,src/_pytest/_code/source.py,136,136,medium,"B004: Using `hasattr(x, ""__call__"")` to test if x is callable is unreliable. Use `callable(x)` for consistent results.",False,,3,,2.797000000020489,,,,1,
pytest-dev__pytest-9359,pytest-dev/pytest,e2ee3144ed6e241dea8d96215fcdca18b3892551,static,src/_pytest/_code/source.py,171,171,medium,W0613: Unused argument 'assertion',False,,3,,2.797000000020489,,,,1,
pytest-dev__pytest-9359,pytest-dev/pytest,e2ee3144ed6e241dea8d96215fcdca18b3892551,static,src/_pytest/_code/source.py,202,202,medium,W0718: Catching too general exception Exception,False,,3,,2.797000000020489,,,,1,
scikit-learn__scikit-learn-10508,scikit-learn/scikit-learn,c753b77ac49e72ebc0fe5e3c2369fe628f975017,static,sklearn/preprocessing/label.py,16,16,high,E0402: Attempted relative import beyond top-level package,False,,3,,6.562000000034459,,,,1,
scikit-learn__scikit-learn-10508,scikit-learn/scikit-learn,c753b77ac49e72ebc0fe5e3c2369fe628f975017,static,sklearn/preprocessing/label.py,18,18,high,E0402: Attempted relative import beyond top-level package,False,,3,,6.562000000034459,,,,1,
scikit-learn__scikit-learn-10508,scikit-learn/scikit-learn,c753b77ac49e72ebc0fe5e3c2369fe628f975017,static,sklearn/preprocessing/label.py,19,19,high,E0402: Attempted relative import beyond top-level package,False,,3,,6.562000000034459,,,,1,
scikit-learn__scikit-learn-10508,scikit-learn/scikit-learn,c753b77ac49e72ebc0fe5e3c2369fe628f975017,static,sklearn/preprocessing/label.py,20,20,high,E0402: Attempted relative import beyond top-level package,False,,3,,6.562000000034459,,,,1,
scikit-learn__scikit-learn-10508,scikit-learn/scikit-learn,c753b77ac49e72ebc0fe5e3c2369fe628f975017,static,sklearn/preprocessing/label.py,21,21,high,E0402: Attempted relative import beyond top-level package,False,,3,,6.562000000034459,,,,1,
scikit-learn__scikit-learn-10508,scikit-learn/scikit-learn,c753b77ac49e72ebc0fe5e3c2369fe628f975017,static,sklearn/preprocessing/label.py,22,22,high,E0402: Attempted relative import beyond top-level package,False,,3,,6.562000000034459,,,,1,
scikit-learn__scikit-learn-10508,scikit-learn/scikit-learn,c753b77ac49e72ebc0fe5e3c2369fe628f975017,static,sklearn/preprocessing/label.py,23,23,high,E0402: Attempted relative import beyond top-level package,False,,3,,6.562000000034459,,,,1,
scikit-learn__scikit-learn-10508,scikit-learn/scikit-learn,c753b77ac49e72ebc0fe5e3c2369fe628f975017,static,sklearn/preprocessing/label.py,24,24,high,E0402: Attempted relative import beyond top-level package,False,,3,,6.562000000034459,,,,1,
scikit-learn__scikit-learn-10508,scikit-learn/scikit-learn,c753b77ac49e72ebc0fe5e3c2369fe628f975017,static,sklearn/preprocessing/label.py,26,26,high,E0402: Attempted relative import beyond top-level package,False,,3,,6.562000000034459,,,,1,
scikit-learn__scikit-learn-10508,scikit-learn/scikit-learn,c753b77ac49e72ebc0fe5e3c2369fe628f975017,static,sklearn/preprocessing/label.py,28,28,medium,W0622: Redefining built-in 'zip',False,,3,,6.562000000034459,,,,1,
scikit-learn__scikit-learn-10508,scikit-learn/scikit-learn,c753b77ac49e72ebc0fe5e3c2369fe628f975017,static,sklearn/preprocessing/label.py,29,29,medium,W0622: Redefining built-in 'map',False,,3,,6.562000000034459,,,,1,
scikit-learn__scikit-learn-10508,scikit-learn/scikit-learn,c753b77ac49e72ebc0fe5e3c2369fe628f975017,static,sklearn/preprocessing/label.py,96,96,medium,W0201: Attribute 'classes_' defined outside __init__,False,,3,,6.562000000034459,,,,1,
scikit-learn__scikit-learn-10508,scikit-learn/scikit-learn,c753b77ac49e72ebc0fe5e3c2369fe628f975017,static,sklearn/preprocessing/label.py,112,112,medium,W0201: Attribute 'classes_' defined outside __init__,False,,3,,6.562000000034459,,,,1,
scikit-learn__scikit-learn-10508,scikit-learn/scikit-learn,c753b77ac49e72ebc0fe5e3c2369fe628f975017,static,sklearn/preprocessing/label.py,278,278,medium,W0201: Attribute 'y_type_' defined outside __init__,False,,3,,6.562000000034459,,,,1,
scikit-learn__scikit-learn-10508,scikit-learn/scikit-learn,c753b77ac49e72ebc0fe5e3c2369fe628f975017,static,sklearn/preprocessing/label.py,285,285,medium,W0201: Attribute 'sparse_input_' defined outside __init__,False,,3,,6.562000000034459,,,,1,
scikit-learn__scikit-learn-10508,scikit-learn/scikit-learn,c753b77ac49e72ebc0fe5e3c2369fe628f975017,static,sklearn/preprocessing/label.py,286,286,medium,W0201: Attribute 'classes_' defined outside __init__,False,,3,,6.562000000034459,,,,1,
scikit-learn__scikit-learn-10508,scikit-learn/scikit-learn,c753b77ac49e72ebc0fe5e3c2369fe628f975017,static,sklearn/preprocessing/label.py,452,452,medium,W0511: XXX Workaround that will be removed when list of list format is,False,,3,,6.562000000034459,,,,1,
scikit-learn__scikit-learn-10508,scikit-learn/scikit-learn,c753b77ac49e72ebc0fe5e3c2369fe628f975017,static,sklearn/preprocessing/label.py,703,703,medium,W0201: Attribute 'classes_' defined outside __init__,False,,3,,6.562000000034459,,,,1,
scikit-learn__scikit-learn-10508,scikit-learn/scikit-learn,c753b77ac49e72ebc0fe5e3c2369fe628f975017,static,sklearn/preprocessing/label.py,738,738,medium,W0201: Attribute 'classes_' defined outside __init__,False,,3,,6.562000000034459,,,,1,
scikit-learn__scikit-learn-10508,scikit-learn/scikit-learn,c753b77ac49e72ebc0fe5e3c2369fe628f975017,static,sklearn/preprocessing/label.py,28,28,low,A001: Variable `zip` is shadowing a Python builtin,False,,3,,6.562000000034459,,,,1,
scikit-learn__scikit-learn-10949,scikit-learn/scikit-learn,3b5abf76597ce6aff76192869f92647c1b5259e7,static,sklearn/utils/validation.py,21,21,high,E0402: Attempted relative import beyond top-level package,False,,3,,3.437999999965541,,,,1,
scikit-learn__scikit-learn-10949,scikit-learn/scikit-learn,3b5abf76597ce6aff76192869f92647c1b5259e7,static,sklearn/utils/validation.py,22,22,high,E0402: Attempted relative import beyond top-level package,False,,3,,3.437999999965541,,,,1,
scikit-learn__scikit-learn-10949,scikit-learn/scikit-learn,3b5abf76597ce6aff76192869f92647c1b5259e7,static,sklearn/utils/validation.py,23,23,high,E0402: Attempted relative import beyond top-level package,False,,3,,3.437999999965541,,,,1,
scikit-learn__scikit-learn-10949,scikit-learn/scikit-learn,3b5abf76597ce6aff76192869f92647c1b5259e7,static,sklearn/utils/validation.py,24,24,high,E0402: Attempted relative import beyond top-level package,False,,3,,3.437999999965541,,,,1,
scikit-learn__scikit-learn-10949,scikit-learn/scikit-learn,3b5abf76597ce6aff76192869f92647c1b5259e7,static,sklearn/utils/validation.py,25,25,high,E0402: Attempted relative import beyond top-level package,False,,3,,3.437999999965541,,,,1,
scikit-learn__scikit-learn-10949,scikit-learn/scikit-learn,3b5abf76597ce6aff76192869f92647c1b5259e7,static,sklearn/utils/validation.py,26,26,high,E0402: Attempted relative import beyond top-level package,False,,3,,3.437999999965541,,,,1,
scikit-learn__scikit-learn-10949,scikit-learn/scikit-learn,3b5abf76597ce6aff76192869f92647c1b5259e7,static,sklearn/utils/validation.py,27,27,high,E0402: Attempted relative import beyond top-level package,False,,3,,3.437999999965541,,,,1,
scikit-learn__scikit-learn-10949,scikit-learn/scikit-learn,3b5abf76597ce6aff76192869f92647c1b5259e7,static,sklearn/utils/validation.py,784,784,high,E1101: Module 'numpy.random' has no 'RandomState' member,False,,3,,3.437999999965541,,,,1,
scikit-learn__scikit-learn-10949,scikit-learn/scikit-learn,3b5abf76597ce6aff76192869f92647c1b5259e7,static,sklearn/utils/validation.py,785,785,high,E1101: Module 'numpy.random' has no 'RandomState' member,False,,3,,3.437999999965541,,,,1,
scikit-learn__scikit-learn-10949,scikit-learn/scikit-learn,3b5abf76597ce6aff76192869f92647c1b5259e7,static,sklearn/utils/validation.py,338,338,medium,B028: No explicit `stacklevel` keyword argument found,False,,3,,3.437999999965541,,,,1,
scikit-learn__scikit-learn-10949,scikit-learn/scikit-learn,3b5abf76597ce6aff76192869f92647c1b5259e7,static,sklearn/utils/validation.py,450,450,medium,B028: No explicit `stacklevel` keyword argument found,False,,3,,3.437999999965541,,,,1,
scikit-learn__scikit-learn-10949,scikit-learn/scikit-learn,3b5abf76597ce6aff76192869f92647c1b5259e7,static,sklearn/utils/validation.py,515,516,medium,"B904: Within an `except` clause, raise exceptions with `raise ... from err` or `raise ... from None` to distinguish them from errors in exception handling",False,,3,,3.437999999965541,,,,1,
scikit-learn__scikit-learn-10949,scikit-learn/scikit-learn,3b5abf76597ce6aff76192869f92647c1b5259e7,static,sklearn/utils/validation.py,515,516,medium,W0707: Consider explicitly re-raising using 'except ComplexWarning as exc' and 'raise ValueError('Complex data not supported\n{}\n'.format(array)) from exc',False,,3,,3.437999999965541,,,,1,
scikit-learn__scikit-learn-10949,scikit-learn/scikit-learn,3b5abf76597ce6aff76192869f92647c1b5259e7,static,sklearn/utils/validation.py,542,542,medium,B028: No explicit `stacklevel` keyword argument found,False,,3,,3.437999999965541,,,,1,
scikit-learn__scikit-learn-10949,scikit-learn/scikit-learn,3b5abf76597ce6aff76192869f92647c1b5259e7,static,sklearn/utils/validation.py,579,579,medium,B028: No explicit `stacklevel` keyword argument found,True,site-0002,3,,3.437999999965541,,,,1,
scikit-learn__scikit-learn-10949,scikit-learn/scikit-learn,3b5abf76597ce6aff76192869f92647c1b5259e7,static,sklearn/utils/validation.py,782,782,medium,W0212: Access to a protected member _rand of a client class,False,,3,,3.437999999965541,,,,1,
scikit-learn__scikit-learn-10949,scikit-learn/scikit-learn,3b5abf76597ce6aff76192869f92647c1b5259e7,static,sklearn/utils/validation.py,862,862,medium,B028: No explicit `stacklevel` keyword argument found,False,,3,,3.437999999965541,,,,1,
scikit-learn__scikit-learn-13496,scikit-learn/scikit-learn,3aefc834dce72e850bff48689bea3c7dff5f3fad,static,sklearn/ensemble/iforest.py,11,11,high,E0402: Attempted relative import beyond top-level package,False,,3,,2.890999999945052,,,,1,
scikit-learn__scikit-learn-13496,scikit-learn/scikit-learn,3aefc834dce72e850bff48689bea3c7dff5f3fad,static,sklearn/ensemble/iforest.py,12,17,high,E0402: Attempted relative import beyond top-level package,False,,3,,2.890999999945052,,,,1,
scikit-learn__scikit-learn-13496,scikit-learn/scikit-learn,3aefc834dce72e850bff48689bea3c7dff5f3fad,static,sklearn/ensemble/iforest.py,18,18,high,E0402: Attempted relative import beyond top-level package,False,,3,,2.890999999945052,,,,1,
scikit-learn__scikit-learn-13496,scikit-learn/scikit-learn,3aefc834dce72e850bff48689bea3c7dff5f3fad,static,sklearn/ensemble/iforest.py,19,19,high,E0402: Attempted relative import beyond top-level package,False,,3,,2.890999999945052,,,,1,
scikit-learn__scikit-learn-13496,scikit-learn/scikit-learn,3aefc834dce72e850bff48689bea3c7dff5f3fad,static,sklearn/ensemble/iforest.py,20,20,high,E0402: Attempted relative import beyond top-level package,False,,3,,2.890999999945052,,,,1,
scikit-learn__scikit-learn-13496,scikit-learn/scikit-learn,3aefc834dce72e850bff48689bea3c7dff5f3fad,static,sklearn/ensemble/iforest.py,22,22,high,E0402: Attempted relative import beyond top-level package,False,,3,,2.890999999945052,,,,1,
scikit-learn__scikit-learn-13496,scikit-learn/scikit-learn,3aefc834dce72e850bff48689bea3c7dff5f3fad,static,sklearn/ensemble/iforest.py,226,226,medium,B028: No explicit `stacklevel` keyword argument found,False,,3,,2.890999999945052,,,,1,
scikit-learn__scikit-learn-13496,scikit-learn/scikit-learn,3aefc834dce72e850bff48689bea3c7dff5f3fad,static,sklearn/ensemble/iforest.py,230,230,medium,W0201: Attribute '_contamination' defined outside __init__,False,,3,,2.890999999945052,,,,1,
scikit-learn__scikit-learn-13496,scikit-learn/scikit-learn,3aefc834dce72e850bff48689bea3c7dff5f3fad,static,sklearn/ensemble/iforest.py,232,232,medium,W0201: Attribute '_contamination' defined outside __init__,False,,3,,2.890999999945052,,,,1,
scikit-learn__scikit-learn-13496,scikit-learn/scikit-learn,3aefc834dce72e850bff48689bea3c7dff5f3fad,static,sklearn/ensemble/iforest.py,235,235,medium,B028: No explicit `stacklevel` keyword argument found,False,,3,,2.890999999945052,,,,1,
scikit-learn__scikit-learn-13496,scikit-learn/scikit-learn,3aefc834dce72e850bff48689bea3c7dff5f3fad,static,sklearn/ensemble/iforest.py,263,263,medium,B028: No explicit `stacklevel` keyword argument found,False,,3,,2.890999999945052,,,,1,
scikit-learn__scikit-learn-13496,scikit-learn/scikit-learn,3aefc834dce72e850bff48689bea3c7dff5f3fad,static,sklearn/ensemble/iforest.py,276,276,medium,W0201: Attribute 'max_samples_' defined outside __init__,False,,3,,2.890999999945052,,,,1,
scikit-learn__scikit-learn-13496,scikit-learn/scikit-learn,3aefc834dce72e850bff48689bea3c7dff5f3fad,static,sklearn/ensemble/iforest.py,288,288,medium,W0201: Attribute 'offset_' defined outside __init__,False,,3,,2.890999999945052,,,,1,
scikit-learn__scikit-learn-13496,scikit-learn/scikit-learn,3aefc834dce72e850bff48689bea3c7dff5f3fad,static,sklearn/ensemble/iforest.py,289,289,medium,W0201: Attribute '_threshold_' defined outside __init__,False,,3,,2.890999999945052,,,,1,
scikit-learn__scikit-learn-13496,scikit-learn/scikit-learn,3aefc834dce72e850bff48689bea3c7dff5f3fad,static,sklearn/ensemble/iforest.py,298,298,medium,W0201: Attribute 'offset_' defined outside __init__,False,,3,,2.890999999945052,,,,1,
scikit-learn__scikit-learn-13496,scikit-learn/scikit-learn,3aefc834dce72e850bff48689bea3c7dff5f3fad,static,sklearn/ensemble/iforest.py,303,303,medium,W0201: Attribute 'offset_' defined outside __init__,False,,3,,2.890999999945052,,,,1,
scikit-learn__scikit-learn-13496,scikit-learn/scikit-learn,3aefc834dce72e850bff48689bea3c7dff5f3fad,static,sklearn/ensemble/iforest.py,406,406,medium,B028: No explicit `stacklevel` keyword argument found,False,,3,,2.890999999945052,,,,1,
scikit-learn__scikit-learn-13497,scikit-learn/scikit-learn,26f690961a52946dd2f53bf0fdd4264b2ae5be90,static,sklearn/feature_selection/mutual_info_.py,8,8,high,E0402: Attempted relative import beyond top-level package,True,site-0001,3,,3.437000000034459,,,,1,
scikit-learn__scikit-learn-13497,scikit-learn/scikit-learn,26f690961a52946dd2f53bf0fdd4264b2ae5be90,static,sklearn/feature_selection/mutual_info_.py,9,9,high,E0402: Attempted relative import beyond top-level package,True,site-0001,3,,3.437000000034459,,,,1,
scikit-learn__scikit-learn-13497,scikit-learn/scikit-learn,26f690961a52946dd2f53bf0fdd4264b2ae5be90,static,sklearn/feature_selection/mutual_info_.py,10,10,high,E0402: Attempted relative import beyond top-level package,True,site-0001,3,,3.437000000034459,,,,1,
scikit-learn__scikit-learn-13497,scikit-learn/scikit-learn,26f690961a52946dd2f53bf0fdd4264b2ae5be90,static,sklearn/feature_selection/mutual_info_.py,11,11,high,E0402: Attempted relative import beyond top-level package,True,site-0001,3,,3.437000000034459,,,,1,
scikit-learn__scikit-learn-13497,scikit-learn/scikit-learn,26f690961a52946dd2f53bf0fdd4264b2ae5be90,static,sklearn/feature_selection/mutual_info_.py,12,12,high,E0402: Attempted relative import beyond top-level package,True,site-0001,3,,3.437000000034459,,,,1,
scikit-learn__scikit-learn-13497,scikit-learn/scikit-learn,26f690961a52946dd2f53bf0fdd4264b2ae5be90,static,sklearn/feature_selection/mutual_info_.py,13,13,high,E0402: Attempted relative import beyond top-level package,True,site-0001,3,,3.437000000034459,,,,1,
scikit-learn__scikit-learn-13497,scikit-learn/scikit-learn,26f690961a52946dd2f53bf0fdd4264b2ae5be90,static,sklearn/feature_selection/mutual_info_.py,14,14,high,E0402: Attempted relative import beyond top-level package,True,site-0001,3,,3.437000000034459,,,,1,
scikit-learn__scikit-learn-13779,scikit-learn/scikit-learn,b34751b7ed02b2cfcc36037fb729d4360480a299,static,sklearn/ensemble/voting.py,19,19,high,E0402: Attempted relative import beyond top-level package,False,,3,,2.2040000000270084,,,,1,
scikit-learn__scikit-learn-13779,scikit-learn/scikit-learn,b34751b7ed02b2cfcc36037fb729d4360480a299,static,sklearn/ensemble/voting.py,20,20,high,E0402: Attempted relative import beyond top-level package,False,,3,,2.2040000000270084,,,,1,
scikit-learn__scikit-learn-13779,scikit-learn/scikit-learn,b34751b7ed02b2cfcc36037fb729d4360480a299,static,sklearn/ensemble/voting.py,21,21,high,E0402: Attempted relative import beyond top-level package,False,,3,,2.2040000000270084,,,,1,
scikit-learn__scikit-learn-13779,scikit-learn/scikit-learn,b34751b7ed02b2cfcc36037fb729d4360480a299,static,sklearn/ensemble/voting.py,22,22,high,E0402: Attempted relative import beyond top-level package,False,,3,,2.2040000000270084,,,,1,
scikit-learn__scikit-learn-13779,scikit-learn/scikit-learn,b34751b7ed02b2cfcc36037fb729d4360480a299,static,sklearn/ensemble/voting.py,23,23,high,E0402: Attempted relative import beyond top-level package,False,,3,,2.2040000000270084,,,,1,
scikit-learn__scikit-learn-13779,scikit-learn/scikit-learn,b34751b7ed02b2cfcc36037fb729d4360480a299,static,sklearn/ensemble/voting.py,24,24,high,E0402: Attempted relative import beyond top-level package,False,,3,,2.2040000000270084,,,,1,
scikit-learn__scikit-learn-13779,scikit-learn/scikit-learn,b34751b7ed02b2cfcc36037fb729d4360480a299,static,sklearn/ensemble/voting.py,25,25,high,E0402: Attempted relative import beyond top-level package,False,,3,,2.2040000000270084,,,,1,
scikit-learn__scikit-learn-13779,scikit-learn/scikit-learn,b34751b7ed02b2cfcc36037fb729d4360480a299,static,sklearn/ensemble/voting.py,26,26,high,E0402: Attempted relative import beyond top-level package,False,,3,,2.2040000000270084,,,,1,
scikit-learn__scikit-learn-13779,scikit-learn/scikit-learn,b34751b7ed02b2cfcc36037fb729d4360480a299,static,sklearn/ensemble/voting.py,27,27,high,E0402: Attempted relative import beyond top-level package,False,,3,,2.2040000000270084,,,,1,
scikit-learn__scikit-learn-13779,scikit-learn/scikit-learn,b34751b7ed02b2cfcc36037fb729d4360480a299,static,sklearn/ensemble/voting.py,93,93,medium,W0201: Attribute 'estimators_' defined outside __init__,False,,3,,2.2040000000270084,,,,1,
scikit-learn__scikit-learn-13779,scikit-learn/scikit-learn,b34751b7ed02b2cfcc36037fb729d4360480a299,static,sklearn/ensemble/voting.py,98,98,medium,W0201: Attribute 'named_estimators_' defined outside __init__,False,,3,,2.2040000000270084,,,,1,
scikit-learn__scikit-learn-13779,scikit-learn/scikit-learn,b34751b7ed02b2cfcc36037fb729d4360480a299,static,sklearn/ensemble/voting.py,232,232,medium,W0231: __init__ method from base class '_BaseVoting' is not called,False,,3,,2.2040000000270084,,,,1,
scikit-learn__scikit-learn-13779,scikit-learn/scikit-learn,b34751b7ed02b2cfcc36037fb729d4360480a299,static,sklearn/ensemble/voting.py,269,269,medium,W0201: Attribute 'le_' defined outside __init__,False,,3,,2.2040000000270084,,,,1,
scikit-learn__scikit-learn-13779,scikit-learn/scikit-learn,b34751b7ed02b2cfcc36037fb729d4360480a299,static,sklearn/ensemble/voting.py,270,270,medium,W0201: Attribute 'classes_' defined outside __init__,False,,3,,2.2040000000270084,,,,1,
scikit-learn__scikit-learn-13779,scikit-learn/scikit-learn,b34751b7ed02b2cfcc36037fb729d4360480a299,static,sklearn/ensemble/voting.py,425,425,medium,W0231: __init__ method from base class '_BaseVoting' is not called,False,,3,,2.2040000000270084,,,,1,
scikit-learn__scikit-learn-13779,scikit-learn/scikit-learn,b34751b7ed02b2cfcc36037fb729d4360480a299,static,sklearn/ensemble/voting.py,430,430,medium,W0246: Useless parent or super() delegation in method 'fit',False,,3,,2.2040000000270084,,,,1,
scikit-learn__scikit-learn-14087,scikit-learn/scikit-learn,a5743ed36fbd3fbc8e351bdab16561fbfca7dfa1,static,sklearn/linear_model/logistic.py,20,20,high,E0402: Attempted relative import beyond top-level package,False,,3,,8.140999999945052,,,,1,
scikit-learn__scikit-learn-14087,scikit-learn/scikit-learn,a5743ed36fbd3fbc8e351bdab16561fbfca7dfa1,static,sklearn/linear_model/logistic.py,21,21,high,E0402: Attempted relative import beyond top-level package,False,,3,,8.140999999945052,,,,1,
scikit-learn__scikit-learn-14087,scikit-learn/scikit-learn,a5743ed36fbd3fbc8e351bdab16561fbfca7dfa1,static,sklearn/linear_model/logistic.py,22,22,high,E0402: Attempted relative import beyond top-level package,False,,3,,8.140999999945052,,,,1,
scikit-learn__scikit-learn-14087,scikit-learn/scikit-learn,a5743ed36fbd3fbc8e351bdab16561fbfca7dfa1,static,sklearn/linear_model/logistic.py,23,23,high,E0402: Attempted relative import beyond top-level package,False,,3,,8.140999999945052,,,,1,
scikit-learn__scikit-learn-14087,scikit-learn/scikit-learn,a5743ed36fbd3fbc8e351bdab16561fbfca7dfa1,static,sklearn/linear_model/logistic.py,24,24,high,E0402: Attempted relative import beyond top-level package,False,,3,,8.140999999945052,,,,1,
scikit-learn__scikit-learn-14087,scikit-learn/scikit-learn,a5743ed36fbd3fbc8e351bdab16561fbfca7dfa1,static,sklearn/linear_model/logistic.py,25,25,high,E0402: Attempted relative import beyond top-level package,False,,3,,8.140999999945052,,,,1,
scikit-learn__scikit-learn-14087,scikit-learn/scikit-learn,a5743ed36fbd3fbc8e351bdab16561fbfca7dfa1,static,sklearn/linear_model/logistic.py,26,27,high,E0402: Attempted relative import beyond top-level package,False,,3,,8.140999999945052,,,,1,
scikit-learn__scikit-learn-14087,scikit-learn/scikit-learn,a5743ed36fbd3fbc8e351bdab16561fbfca7dfa1,static,sklearn/linear_model/logistic.py,28,28,high,E0402: Attempted relative import beyond top-level package,False,,3,,8.140999999945052,,,,1,
scikit-learn__scikit-learn-14087,scikit-learn/scikit-learn,a5743ed36fbd3fbc8e351bdab16561fbfca7dfa1,static,sklearn/linear_model/logistic.py,29,29,high,E0402: Attempted relative import beyond top-level package,False,,3,,8.140999999945052,,,,1,
scikit-learn__scikit-learn-14087,scikit-learn/scikit-learn,a5743ed36fbd3fbc8e351bdab16561fbfca7dfa1,static,sklearn/linear_model/logistic.py,30,30,high,E0402: Attempted relative import beyond top-level package,False,,3,,8.140999999945052,,,,1,
scikit-learn__scikit-learn-14087,scikit-learn/scikit-learn,a5743ed36fbd3fbc8e351bdab16561fbfca7dfa1,static,sklearn/linear_model/logistic.py,31,31,high,E0402: Attempted relative import beyond top-level package,False,,3,,8.140999999945052,,,,1,
scikit-learn__scikit-learn-14087,scikit-learn/scikit-learn,a5743ed36fbd3fbc8e351bdab16561fbfca7dfa1,static,sklearn/linear_model/logistic.py,32,32,high,E0402: Attempted relative import beyond top-level package,False,,3,,8.140999999945052,,,,1,
scikit-learn__scikit-learn-14087,scikit-learn/scikit-learn,a5743ed36fbd3fbc8e351bdab16561fbfca7dfa1,static,sklearn/linear_model/logistic.py,33,33,high,E0402: Attempted relative import beyond top-level package,False,,3,,8.140999999945052,,,,1,
scikit-learn__scikit-learn-14087,scikit-learn/scikit-learn,a5743ed36fbd3fbc8e351bdab16561fbfca7dfa1,static,sklearn/linear_model/logistic.py,34,34,high,E0402: Attempted relative import beyond top-level package,False,,3,,8.140999999945052,,,,1,
scikit-learn__scikit-learn-14087,scikit-learn/scikit-learn,a5743ed36fbd3fbc8e351bdab16561fbfca7dfa1,static,sklearn/linear_model/logistic.py,35,35,high,E0402: Attempted relative import beyond top-level package,False,,3,,8.140999999945052,,,,1,
scikit-learn__scikit-learn-14087,scikit-learn/scikit-learn,a5743ed36fbd3fbc8e351bdab16561fbfca7dfa1,static,sklearn/linear_model/logistic.py,36,36,high,E0402: Attempted relative import beyond top-level package,False,,3,,8.140999999945052,,,,1,
scikit-learn__scikit-learn-14087,scikit-learn/scikit-learn,a5743ed36fbd3fbc8e351bdab16561fbfca7dfa1,static,sklearn/linear_model/logistic.py,37,37,high,E0402: Attempted relative import beyond top-level package,False,,3,,8.140999999945052,,,,1,
scikit-learn__scikit-learn-14087,scikit-learn/scikit-learn,a5743ed36fbd3fbc8e351bdab16561fbfca7dfa1,static,sklearn/linear_model/logistic.py,38,38,high,E0402: Attempted relative import beyond top-level package,False,,3,,8.140999999945052,,,,1,
scikit-learn__scikit-learn-14087,scikit-learn/scikit-learn,a5743ed36fbd3fbc8e351bdab16561fbfca7dfa1,static,sklearn/linear_model/logistic.py,39,39,high,E0402: Attempted relative import beyond top-level package,False,,3,,8.140999999945052,,,,1,
scikit-learn__scikit-learn-14087,scikit-learn/scikit-learn,a5743ed36fbd3fbc8e351bdab16561fbfca7dfa1,static,sklearn/linear_model/logistic.py,877,878,high,E1307: Argument 'builtins.NoneType' does not match format type 'd',False,,3,,8.140999999945052,,,,1,
scikit-learn__scikit-learn-14092,scikit-learn/scikit-learn,df7dd8391148a873d157328a4f0328528a0c4ed9,static,sklearn/neighbors/nca.py,17,17,high,E0402: Attempted relative import beyond top-level package,True,site-0001,3,,2.875,,,,1,
scikit-learn__scikit-learn-14092,scikit-learn/scikit-learn,df7dd8391148a873d157328a4f0328528a0c4ed9,static,sklearn/neighbors/nca.py,18,18,high,E0402: Attempted relative import beyond top-level package,True,site-0001,3,,2.875,,,,1,
scikit-learn__scikit-learn-14092,scikit-learn/scikit-learn,df7dd8391148a873d157328a4f0328528a0c4ed9,static,sklearn/neighbors/nca.py,19,19,high,E0402: Attempted relative import beyond top-level package,True,site-0001,3,,2.875,,,,1,
scikit-learn__scikit-learn-14092,scikit-learn/scikit-learn,df7dd8391148a873d157328a4f0328528a0c4ed9,static,sklearn/neighbors/nca.py,20,20,high,E0402: Attempted relative import beyond top-level package,True,site-0001,3,,2.875,,,,1,
scikit-learn__scikit-learn-14092,scikit-learn/scikit-learn,df7dd8391148a873d157328a4f0328528a0c4ed9,static,sklearn/neighbors/nca.py,21,21,high,E0402: Attempted relative import beyond top-level package,True,site-0001,3,,2.875,,,,1,
scikit-learn__scikit-learn-14092,scikit-learn/scikit-learn,df7dd8391148a873d157328a4f0328528a0c4ed9,static,sklearn/neighbors/nca.py,22,22,high,E0402: Attempted relative import beyond top-level package,False,,3,,2.875,,,,1,
scikit-learn__scikit-learn-14092,scikit-learn/scikit-learn,df7dd8391148a873d157328a4f0328528a0c4ed9,static,sklearn/neighbors/nca.py,23,23,high,E0402: Attempted relative import beyond top-level package,False,,3,,2.875,,,,1,
scikit-learn__scikit-learn-14092,scikit-learn/scikit-learn,df7dd8391148a873d157328a4f0328528a0c4ed9,static,sklearn/neighbors/nca.py,24,25,high,E0402: Attempted relative import beyond top-level package,False,,3,,2.875,,,,1,
scikit-learn__scikit-learn-14092,scikit-learn/scikit-learn,df7dd8391148a873d157328a4f0328528a0c4ed9,static,sklearn/neighbors/nca.py,26,26,high,E0402: Attempted relative import beyond top-level package,False,,3,,2.875,,,,1,
scikit-learn__scikit-learn-14092,scikit-learn/scikit-learn,df7dd8391148a873d157328a4f0328528a0c4ed9,static,sklearn/neighbors/nca.py,423,424,high,E0402: Attempted relative import beyond top-level package,False,,3,,2.875,,,,1,
scikit-learn__scikit-learn-14092,scikit-learn/scikit-learn,df7dd8391148a873d157328a4f0328528a0c4ed9,static,sklearn/neighbors/nca.py,192,192,medium,W0201: Attribute 'random_state_' defined outside __init__,False,,3,,2.875,,,,1,
scikit-learn__scikit-learn-14092,scikit-learn/scikit-learn,df7dd8391148a873d157328a4f0328528a0c4ed9,static,sklearn/neighbors/nca.py,217,217,medium,W0201: Attribute 'n_iter_' defined outside __init__,False,,3,,2.875,,,,1,
scikit-learn__scikit-learn-14092,scikit-learn/scikit-learn,df7dd8391148a873d157328a4f0328528a0c4ed9,static,sklearn/neighbors/nca.py,221,221,medium,W0201: Attribute 'components_' defined outside __init__,False,,3,,2.875,,,,1,
scikit-learn__scikit-learn-14092,scikit-learn/scikit-learn,df7dd8391148a873d157328a4f0328528a0c4ed9,static,sklearn/neighbors/nca.py,230,230,medium,B028: No explicit `stacklevel` keyword argument found,False,,3,,2.875,,,,1,
scikit-learn__scikit-learn-14092,scikit-learn/scikit-learn,df7dd8391148a873d157328a4f0328528a0c4ed9,static,sklearn/neighbors/nca.py,482,483,medium,"W1308: Duplicate string formatting argument 'cls_name', consider passing as named argument",False,,3,,2.875,,,,1,
sphinx-doc__sphinx-8273,sphinx-doc/sphinx,88b81a06eb635a1596617f8971fa97a84c069e93,static,sphinx/builders/manpage.py,12,12,high,F401: `typing.Set` imported but unused,False,,3,,1.577999999979511,,,,1,
sphinx-doc__sphinx-8273,sphinx-doc/sphinx,88b81a06eb635a1596617f8971fa97a84c069e93,static,sphinx/builders/manpage.py,59,59,medium,W0613: Unused argument 'ignored',False,,3,,1.577999999979511,,,,1,
sphinx-doc__sphinx-8282,sphinx-doc/sphinx,2c2335bbb8af99fa132e1573bbf45dc91584d5a2,static,sphinx/ext/autodoc/__init__.py,17,17,high,F401: `types.ModuleType` imported but unused,False,,3,,3.3910000000614673,,,,1,
sphinx-doc__sphinx-8282,sphinx-doc/sphinx,2c2335bbb8af99fa132e1573bbf45dc91584d5a2,static,sphinx/ext/autodoc/__init__.py,29,29,high,F401: `sphinx.environment.BuildEnvironment` imported but unused,False,,3,,3.3910000000614673,,,,1,
sphinx-doc__sphinx-8282,sphinx-doc/sphinx,2c2335bbb8af99fa132e1573bbf45dc91584d5a2,static,sphinx/ext/autodoc/__init__.py,1018,1018,high,E1135: Value 'self.__all__' doesn't support membership test,False,,3,,3.3910000000614673,,,,1,
sphinx-doc__sphinx-8282,sphinx-doc/sphinx,2c2335bbb8af99fa132e1573bbf45dc91584d5a2,static,sphinx/ext/autodoc/__init__.py,2084,2084,high,E0601: Using variable 'orig' before assignment,False,,3,,3.3910000000614673,,,,1,
sphinx-doc__sphinx-8282,sphinx-doc/sphinx,2c2335bbb8af99fa132e1573bbf45dc91584d5a2,static,sphinx/ext/autodoc/__init__.py,42,42,medium,W0125: Using a conditional statement with a constant value,False,,3,,3.3910000000614673,,,,1,
sphinx-doc__sphinx-8282,sphinx-doc/sphinx,2c2335bbb8af99fa132e1573bbf45dc91584d5a2,static,sphinx/ext/autodoc/__init__.py,44,44,medium,W0404: Reimport 'Type' (imported line 18),False,,3,,3.3910000000614673,,,,1,
sphinx-doc__sphinx-8282,sphinx-doc/sphinx,2c2335bbb8af99fa132e1573bbf45dc91584d5a2,static,sphinx/ext/autodoc/__init__.py,148,148,medium,W0613: Unused argument 'arg',False,,3,,3.3910000000614673,,,,1,
sphinx-doc__sphinx-8282,sphinx-doc/sphinx,2c2335bbb8af99fa132e1573bbf45dc91584d5a2,static,sphinx/ext/autodoc/__init__.py,198,198,medium,W0613: Unused argument 'app',False,,3,,3.3910000000614673,,,,1,
sphinx-doc__sphinx-8282,sphinx-doc/sphinx,2c2335bbb8af99fa132e1573bbf45dc91584d5a2,static,sphinx/ext/autodoc/__init__.py,226,226,medium,W0613: Unused argument 'app',False,,3,,3.3910000000614673,,,,1,
sphinx-doc__sphinx-8282,sphinx-doc/sphinx,2c2335bbb8af99fa132e1573bbf45dc91584d5a2,static,sphinx/ext/autodoc/__init__.py,426,426,medium,W0613: Unused argument 'kwargs',False,,3,,3.3910000000614673,,,,1,
sphinx-doc__sphinx-8282,sphinx-doc/sphinx,2c2335bbb8af99fa132e1573bbf45dc91584d5a2,static,sphinx/ext/autodoc/__init__.py,474,474,medium,W0718: Catching too general exception Exception,False,,3,,3.3910000000614673,,,,1,
sphinx-doc__sphinx-8282,sphinx-doc/sphinx,2c2335bbb8af99fa132e1573bbf45dc91584d5a2,static,sphinx/ext/autodoc/__init__.py,735,735,medium,W0718: Catching too general exception Exception,False,,3,,3.3910000000614673,,,,1,
sphinx-doc__sphinx-8282,sphinx-doc/sphinx,2c2335bbb8af99fa132e1573bbf45dc91584d5a2,static,sphinx/ext/autodoc/__init__.py,845,845,medium,W0201: Attribute 'real_modname' defined outside __init__,False,,3,,3.3910000000614673,,,,1,
sphinx-doc__sphinx-8282,sphinx-doc/sphinx,2c2335bbb8af99fa132e1573bbf45dc91584d5a2,static,sphinx/ext/autodoc/__init__.py,886,886,medium,W0718: Catching too general exception Exception,False,,3,,3.3910000000614673,,,,1,
sphinx-doc__sphinx-8282,sphinx-doc/sphinx,2c2335bbb8af99fa132e1573bbf45dc91584d5a2,static,sphinx/ext/autodoc/__init__.py,1029,1029,medium,W0223: Method 'can_document_member' is abstract in class 'Documenter' but is not overridden in child class 'ModuleLevelDocumenter',False,,3,,3.3910000000614673,,,,1,
sphinx-doc__sphinx-8282,sphinx-doc/sphinx,2c2335bbb8af99fa132e1573bbf45dc91584d5a2,static,sphinx/ext/autodoc/__init__.py,1050,1050,medium,W0223: Method 'can_document_member' is abstract in class 'Documenter' but is not overridden in child class 'ClassLevelDocumenter',False,,3,,3.3910000000614673,,,,1,
sphinx-doc__sphinx-8282,sphinx-doc/sphinx,2c2335bbb8af99fa132e1573bbf45dc91584d5a2,static,sphinx/ext/autodoc/__init__.py,1072,1072,medium,W0612: Unused variable 'sep',False,,3,,3.3910000000614673,,,,1,
sphinx-doc__sphinx-8282,sphinx-doc/sphinx,2c2335bbb8af99fa132e1573bbf45dc91584d5a2,static,sphinx/ext/autodoc/__init__.py,1124,1124,medium,W0612: Unused variable 'exmod',False,,3,,3.3910000000614673,,,,1,
sphinx-doc__sphinx-8282,sphinx-doc/sphinx,2c2335bbb8af99fa132e1573bbf45dc91584d5a2,static,sphinx/ext/autodoc/__init__.py,1374,1374,medium,W0201: Attribute 'doc_as_attr' defined outside __init__,False,,3,,3.3910000000614673,,,,1,
sphinx-doc__sphinx-8282,sphinx-doc/sphinx,2c2335bbb8af99fa132e1573bbf45dc91584d5a2,static,sphinx/ext/autodoc/__init__.py,1376,1376,medium,W0201: Attribute 'doc_as_attr' defined outside __init__,False,,3,,3.3910000000614673,,,,1,
sphinx-doc__sphinx-8474,sphinx-doc/sphinx,3ea1ec84cc610f7a9f4f6b354e264565254923ff,static,sphinx/domains/std.py,15,15,high,F401: `typing.Callable` imported but unused,False,,3,,2.343999999924563,,,,1,
sphinx-doc__sphinx-8474,sphinx-doc/sphinx,3ea1ec84cc610f7a9f4f6b354e264565254923ff,static,sphinx/domains/std.py,19,19,high,F401: `docutils.parsers.rst.Directive` imported but unused,False,,3,,2.343999999924563,,,,1,
sphinx-doc__sphinx-8474,sphinx-doc/sphinx,3ea1ec84cc610f7a9f4f6b354e264565254923ff,static,sphinx/domains/std.py,32,32,high,F401: `sphinx.util.typing.RoleFunction` imported but unused,False,,3,,2.343999999924563,,,,1,
sphinx-doc__sphinx-8474,sphinx-doc/sphinx,3ea1ec84cc610f7a9f4f6b354e264565254923ff,static,sphinx/domains/std.py,60,60,high,E1102: self.parse_node is not callable,False,,3,,2.343999999924563,,,,1,
sphinx-doc__sphinx-8474,sphinx-doc/sphinx,3ea1ec84cc610f7a9f4f6b354e264565254923ff,static,sphinx/domains/std.py,405,405,high,E0601: Using variable 'indent_len' before assignment,False,,3,,2.343999999924563,,,,1,
sphinx-doc__sphinx-8474,sphinx-doc/sphinx,3ea1ec84cc610f7a9f4f6b354e264565254923ff,static,sphinx/domains/std.py,34,34,medium,W0125: Using a conditional statement with a constant value,False,,3,,2.343999999924563,,,,1,
sphinx-doc__sphinx-8474,sphinx-doc/sphinx,3ea1ec84cc610f7a9f4f6b354e264565254923ff,static,sphinx/domains/std.py,68,68,medium,W0613: Unused argument 'sig',False,,3,,2.343999999924563,,,,1,
sphinx-doc__sphinx-8474,sphinx-doc/sphinx,3ea1ec84cc610f7a9f4f6b354e264565254923ff,static,sphinx/domains/std.py,214,214,medium,W0613: Unused argument 'firstname',False,,3,,2.343999999924563,,,,1,
sphinx-doc__sphinx-8474,sphinx-doc/sphinx,3ea1ec84cc610f7a9f4f6b354e264565254923ff,static,sphinx/domains/std.py,277,277,medium,W0613: Unused argument 'has_explicit_title',False,,3,,2.343999999924563,,,,1,
sphinx-doc__sphinx-8474,sphinx-doc/sphinx,3ea1ec84cc610f7a9f4f6b354e264565254923ff,static,sphinx/domains/std.py,538,538,medium,W0613: Unused argument 'env',False,,3,,2.343999999924563,,,,1,
sphinx-doc__sphinx-8474,sphinx-doc/sphinx,3ea1ec84cc610f7a9f4f6b354e264565254923ff,static,sphinx/domains/std.py,706,706,medium,W0511: XXX duplicates?,False,,3,,2.343999999924563,,,,1,
sphinx-doc__sphinx-8474,sphinx-doc/sphinx,3ea1ec84cc610f7a9f4f6b354e264565254923ff,static,sphinx/domains/std.py,811,811,medium,W0613: Unused argument 'env',False,,3,,2.343999999924563,,,,1,
sphinx-doc__sphinx-8474,sphinx-doc/sphinx,3ea1ec84cc610f7a9f4f6b354e264565254923ff,static,sphinx/domains/std.py,812,812,medium,W0613: Unused argument 'typ',False,,3,,2.343999999924563,,,,1,
sphinx-doc__sphinx-8474,sphinx-doc/sphinx,3ea1ec84cc610f7a9f4f6b354e264565254923ff,static,sphinx/domains/std.py,813,813,medium,W0613: Unused argument 'contnode',False,,3,,2.343999999924563,,,,1,
sphinx-doc__sphinx-8474,sphinx-doc/sphinx,3ea1ec84cc610f7a9f4f6b354e264565254923ff,static,sphinx/domains/std.py,830,830,medium,W0613: Unused argument 'typ',False,,3,,2.343999999924563,,,,1,
sphinx-doc__sphinx-8474,sphinx-doc/sphinx,3ea1ec84cc610f7a9f4f6b354e264565254923ff,static,sphinx/domains/std.py,891,891,medium,W0613: Unused argument 'env',False,,3,,2.343999999924563,,,,1,
sphinx-doc__sphinx-8474,sphinx-doc/sphinx,3ea1ec84cc610f7a9f4f6b354e264565254923ff,static,sphinx/domains/std.py,892,892,medium,W0613: Unused argument 'typ',False,,3,,2.343999999924563,,,,1,
sphinx-doc__sphinx-8474,sphinx-doc/sphinx,3ea1ec84cc610f7a9f4f6b354e264565254923ff,static,sphinx/domains/std.py,893,893,medium,W0613: Unused argument 'node',False,,3,,2.343999999924563,,,,1,
sphinx-doc__sphinx-8474,sphinx-doc/sphinx,3ea1ec84cc610f7a9f4f6b354e264565254923ff,static,sphinx/domains/std.py,902,902,medium,W0613: Unused argument 'typ',False,,3,,2.343999999924563,,,,1,
sphinx-doc__sphinx-8474,sphinx-doc/sphinx,3ea1ec84cc610f7a9f4f6b354e264565254923ff,static,sphinx/domains/std.py,903,903,medium,W0613: Unused argument 'contnode',False,,3,,2.343999999924563,,,,1,
sphinx-doc__sphinx-8595,sphinx-doc/sphinx,b19bce971e82f2497d67fdacdeca8db08ae0ba56,static,sphinx/ext/autodoc/__init__.py,16,16,high,F401: `types.ModuleType` imported but unused,False,,3,,3.6089999999385327,,,,1,
sphinx-doc__sphinx-8595,sphinx-doc/sphinx,b19bce971e82f2497d67fdacdeca8db08ae0ba56,static,sphinx/ext/autodoc/__init__.py,27,27,high,F401: `sphinx.environment.BuildEnvironment` imported but unused,False,,3,,3.6089999999385327,,,,1,
sphinx-doc__sphinx-8595,sphinx-doc/sphinx,b19bce971e82f2497d67fdacdeca8db08ae0ba56,static,sphinx/ext/autodoc/__init__.py,2487,2487,high,E0601: Using variable 'orig' before assignment,False,,3,,3.6089999999385327,,,,1,
sphinx-doc__sphinx-8595,sphinx-doc/sphinx,b19bce971e82f2497d67fdacdeca8db08ae0ba56,static,sphinx/ext/autodoc/__init__.py,40,40,medium,W0125: Using a conditional statement with a constant value,False,,3,,3.6089999999385327,,,,1,
sphinx-doc__sphinx-8595,sphinx-doc/sphinx,b19bce971e82f2497d67fdacdeca8db08ae0ba56,static,sphinx/ext/autodoc/__init__.py,42,42,medium,W0404: Reimport 'Type' (imported line 17),False,,3,,3.6089999999385327,,,,1,
sphinx-doc__sphinx-8595,sphinx-doc/sphinx,b19bce971e82f2497d67fdacdeca8db08ae0ba56,static,sphinx/ext/autodoc/__init__.py,147,147,medium,W0613: Unused argument 'arg',False,,3,,3.6089999999385327,,,,1,
sphinx-doc__sphinx-8595,sphinx-doc/sphinx,b19bce971e82f2497d67fdacdeca8db08ae0ba56,static,sphinx/ext/autodoc/__init__.py,197,197,medium,W0613: Unused argument 'app',False,,3,,3.6089999999385327,,,,1,
sphinx-doc__sphinx-8595,sphinx-doc/sphinx,b19bce971e82f2497d67fdacdeca8db08ae0ba56,static,sphinx/ext/autodoc/__init__.py,225,225,medium,W0613: Unused argument 'app',False,,3,,3.6089999999385327,,,,1,
sphinx-doc__sphinx-8595,sphinx-doc/sphinx,b19bce971e82f2497d67fdacdeca8db08ae0ba56,static,sphinx/ext/autodoc/__init__.py,455,455,medium,W0613: Unused argument 'kwargs',False,,3,,3.6089999999385327,,,,1,
sphinx-doc__sphinx-8595,sphinx-doc/sphinx,b19bce971e82f2497d67fdacdeca8db08ae0ba56,static,sphinx/ext/autodoc/__init__.py,503,503,medium,W0718: Catching too general exception Exception,False,,3,,3.6089999999385327,,,,1,
sphinx-doc__sphinx-8595,sphinx-doc/sphinx,b19bce971e82f2497d67fdacdeca8db08ae0ba56,static,sphinx/ext/autodoc/__init__.py,641,641,medium,B028: No explicit `stacklevel` keyword argument found,False,,3,,3.6089999999385327,,,,1,
sphinx-doc__sphinx-8595,sphinx-doc/sphinx,b19bce971e82f2497d67fdacdeca8db08ae0ba56,static,sphinx/ext/autodoc/__init__.py,801,801,medium,W0718: Catching too general exception Exception,False,,3,,3.6089999999385327,,,,1,
sphinx-doc__sphinx-8595,sphinx-doc/sphinx,b19bce971e82f2497d67fdacdeca8db08ae0ba56,static,sphinx/ext/autodoc/__init__.py,911,911,medium,W0201: Attribute 'real_modname' defined outside __init__,False,,3,,3.6089999999385327,,,,1,
sphinx-doc__sphinx-8595,sphinx-doc/sphinx,b19bce971e82f2497d67fdacdeca8db08ae0ba56,static,sphinx/ext/autodoc/__init__.py,952,952,medium,W0718: Catching too general exception Exception,False,,3,,3.6089999999385327,,,,1,
sphinx-doc__sphinx-8595,sphinx-doc/sphinx,b19bce971e82f2497d67fdacdeca8db08ae0ba56,static,sphinx/ext/autodoc/__init__.py,1120,1120,medium,W0223: Method 'can_document_member' is abstract in class 'Documenter' but is not overridden in child class 'ModuleLevelDocumenter',False,,3,,3.6089999999385327,,,,1,
sphinx-doc__sphinx-8595,sphinx-doc/sphinx,b19bce971e82f2497d67fdacdeca8db08ae0ba56,static,sphinx/ext/autodoc/__init__.py,1141,1141,medium,W0223: Method 'can_document_member' is abstract in class 'Documenter' but is not overridden in child class 'ClassLevelDocumenter',False,,3,,3.6089999999385327,,,,1,
sphinx-doc__sphinx-8595,sphinx-doc/sphinx,b19bce971e82f2497d67fdacdeca8db08ae0ba56,static,sphinx/ext/autodoc/__init__.py,1163,1163,medium,W0612: Unused variable 'sep',False,,3,,3.6089999999385327,,,,1,
sphinx-doc__sphinx-8595,sphinx-doc/sphinx,b19bce971e82f2497d67fdacdeca8db08ae0ba56,static,sphinx/ext/autodoc/__init__.py,1215,1215,medium,W0612: Unused variable 'exmod',False,,3,,3.6089999999385327,,,,1,
sphinx-doc__sphinx-8595,sphinx-doc/sphinx,b19bce971e82f2497d67fdacdeca8db08ae0ba56,static,sphinx/ext/autodoc/__init__.py,1453,1453,medium,W0201: Attribute 'doc_as_attr' defined outside __init__,False,,3,,3.6089999999385327,,,,1,
sphinx-doc__sphinx-8595,sphinx-doc/sphinx,b19bce971e82f2497d67fdacdeca8db08ae0ba56,static,sphinx/ext/autodoc/__init__.py,1455,1455,medium,W0201: Attribute 'doc_as_attr' defined outside __init__,False,,3,,3.6089999999385327,,,,1,
sphinx-doc__sphinx-8721,sphinx-doc/sphinx,82ef497a8c88f0f6e50d84520e7276bfbf65025d,static,sphinx/ext/viewcode.py,14,14,high,F401: `typing.Set` imported but unused,False,,3,,1.6719999999040738,,,,1,
sphinx-doc__sphinx-8721,sphinx-doc/sphinx,82ef497a8c88f0f6e50d84520e7276bfbf65025d,static,sphinx/ext/viewcode.py,35,35,medium,W0613: Unused argument 'app',False,,3,,1.6719999999040738,,,,1,
sphinx-doc__sphinx-8721,sphinx-doc/sphinx,82ef497a8c88f0f6e50d84520e7276bfbf65025d,static,sphinx/ext/viewcode.py,43,43,medium,W0718: Catching too general exception Exception,False,,3,,1.6719999999040738,,,,1,
sphinx-doc__sphinx-8721,sphinx-doc/sphinx,82ef497a8c88f0f6e50d84520e7276bfbf65025d,static,sphinx/ext/viewcode.py,56,56,medium,W0212: Access to a protected member _viewcode_modules of a client class,False,,3,,1.6719999999040738,,,,1,
sphinx-doc__sphinx-8721,sphinx-doc/sphinx,82ef497a8c88f0f6e50d84520e7276bfbf65025d,static,sphinx/ext/viewcode.py,63,63,medium,W0212: Access to a protected member _viewcode_modules of a client class,False,,3,,1.6719999999040738,,,,1,
sphinx-doc__sphinx-8721,sphinx-doc/sphinx,82ef497a8c88f0f6e50d84520e7276bfbf65025d,static,sphinx/ext/viewcode.py,72,72,medium,W0718: Catching too general exception Exception,False,,3,,1.6719999999040738,,,,1,
sphinx-doc__sphinx-8721,sphinx-doc/sphinx,82ef497a8c88f0f6e50d84520e7276bfbf65025d,static,sphinx/ext/viewcode.py,73,73,medium,W0212: Access to a protected member _viewcode_modules of a client class,False,,3,,1.6719999999040738,,,,1,
sphinx-doc__sphinx-8721,sphinx-doc/sphinx,82ef497a8c88f0f6e50d84520e7276bfbf65025d,static,sphinx/ext/viewcode.py,83,83,medium,W0212: Access to a protected member _viewcode_modules of a client class,False,,3,,1.6719999999040738,,,,1,
sphinx-doc__sphinx-8721,sphinx-doc/sphinx,82ef497a8c88f0f6e50d84520e7276bfbf65025d,static,sphinx/ext/viewcode.py,126,126,medium,W0613: Unused argument 'app',False,,3,,1.6719999999040738,,,,1,
sphinx-doc__sphinx-8721,sphinx-doc/sphinx,82ef497a8c88f0f6e50d84520e7276bfbf65025d,static,sphinx/ext/viewcode.py,132,132,medium,W0212: Access to a protected member _viewcode_modules of a client class,False,,3,,1.6719999999040738,,,,1,
sphinx-doc__sphinx-8721,sphinx-doc/sphinx,82ef497a8c88f0f6e50d84520e7276bfbf65025d,static,sphinx/ext/viewcode.py,134,134,medium,W0212: Access to a protected member _viewcode_modules of a client class,False,,3,,1.6719999999040738,,,,1,
sphinx-doc__sphinx-8721,sphinx-doc/sphinx,82ef497a8c88f0f6e50d84520e7276bfbf65025d,static,sphinx/ext/viewcode.py,137,137,medium,W0613: Unused argument 'env',False,,3,,1.6719999999040738,,,,1,
sphinx-doc__sphinx-8721,sphinx-doc/sphinx,82ef497a8c88f0f6e50d84520e7276bfbf65025d,static,sphinx/ext/viewcode.py,154,154,medium,W0612: Unused variable 'source',False,,3,,1.6719999999040738,,,,1,
sphinx-doc__sphinx-8721,sphinx-doc/sphinx,82ef497a8c88f0f6e50d84520e7276bfbf65025d,static,sphinx/ext/viewcode.py,156,156,medium,W0718: Catching too general exception Exception,False,,3,,1.6719999999040738,,,,1,
sphinx-doc__sphinx-8721,sphinx-doc/sphinx,82ef497a8c88f0f6e50d84520e7276bfbf65025d,static,sphinx/ext/viewcode.py,188,188,medium,W0212: Access to a protected member _viewcode_modules of a client class,True,site-0001,3,,1.6719999999040738,,,,1,
sphinx-doc__sphinx-8721,sphinx-doc/sphinx,82ef497a8c88f0f6e50d84520e7276bfbf65025d,static,sphinx/ext/viewcode.py,191,191,medium,W0212: Access to a protected member _viewcode_modules of a client class,False,,3,,1.6719999999040738,,,,1,
sphinx-doc__sphinx-8721,sphinx-doc/sphinx,82ef497a8c88f0f6e50d84520e7276bfbf65025d,static,sphinx/ext/viewcode.py,193,193,medium,W0212: Access to a protected member _viewcode_modules of a client class,False,,3,,1.6719999999040738,,,,1,
sphinx-doc__sphinx-8721,sphinx-doc/sphinx,82ef497a8c88f0f6e50d84520e7276bfbf65025d,static,sphinx/ext/viewcode.py,220,220,medium,W0622: Redefining built-in 'type',False,,3,,1.6719999999040738,,,,1,
sphinx-doc__sphinx-8721,sphinx-doc/sphinx,82ef497a8c88f0f6e50d84520e7276bfbf65025d,static,sphinx/ext/viewcode.py,220,220,medium,W0612: Unused variable 'type',False,,3,,1.6719999999040738,,,,1,
sphinx-doc__sphinx-8721,sphinx-doc/sphinx,82ef497a8c88f0f6e50d84520e7276bfbf65025d,static,sphinx/ext/viewcode.py,220,220,low,A001: Variable `type` is shadowing a Python builtin,False,,3,,1.6719999999040738,,,,1,
sympy__sympy-12454,sympy/sympy,d3fcdb72bfcbb560eb45264ac1c03f359436edef,static,sympy/matrices/matrices.py,8,8,high,F401: `sympy.core.logic.fuzzy_and` imported but unused,False,,3,,3.797000000020489,,,,1,
sympy__sympy-12454,sympy/sympy,d3fcdb72bfcbb560eb45264ac1c03f359436edef,static,sympy/matrices/matrices.py,115,115,high,F841: Local variable `cols` is assigned to but never used,False,,3,,3.797000000020489,,,,1,
sympy__sympy-12454,sympy/sympy,d3fcdb72bfcbb560eb45264ac1c03f359436edef,static,sympy/matrices/matrices.py,262,262,high,F401: `sympy.matrices.MutableMatrix` imported but unused,False,,3,,3.797000000020489,,,,1,
sympy__sympy-12454,sympy/sympy,d3fcdb72bfcbb560eb45264ac1c03f359436edef,static,sympy/matrices/matrices.py,431,431,high,F401: `sympy.matrices.MutableMatrix` imported but unused,False,,3,,3.797000000020489,,,,1,
sympy__sympy-12454,sympy/sympy,d3fcdb72bfcbb560eb45264ac1c03f359436edef,static,sympy/matrices/matrices.py,1556,1556,high,E1136: Value 'self.shape' is unsubscriptable,False,,3,,3.797000000020489,,,,1,
sympy__sympy-12454,sympy/sympy,d3fcdb72bfcbb560eb45264ac1c03f359436edef,static,sympy/matrices/matrices.py,1623,1623,high,E1136: Value 'self.shape' is unsubscriptable,False,,3,,3.797000000020489,,,,1,
sympy__sympy-12454,sympy/sympy,d3fcdb72bfcbb560eb45264ac1c03f359436edef,static,sympy/matrices/matrices.py,1832,1832,high,E1101: Instance of 'MatrixDeterminant' has no 'LUdecomposition' member,False,,3,,3.797000000020489,,,,1,
sympy__sympy-12454,sympy/sympy,d3fcdb72bfcbb560eb45264ac1c03f359436edef,static,sympy/matrices/matrices.py,2054,2054,high,E0402: Attempted relative import beyond top-level package,False,,3,,3.797000000020489,,,,1,
sympy__sympy-12454,sympy/sympy,d3fcdb72bfcbb560eb45264ac1c03f359436edef,static,sympy/matrices/matrices.py,2524,2524,high,E0402: Attempted relative import beyond top-level package,False,,3,,3.797000000020489,,,,1,
sympy__sympy-12454,sympy/sympy,d3fcdb72bfcbb560eb45264ac1c03f359436edef,static,sympy/matrices/matrices.py,3212,3212,high,E0402: Attempted relative import beyond top-level package,False,,3,,3.797000000020489,,,,1,
sympy__sympy-12454,sympy/sympy,d3fcdb72bfcbb560eb45264ac1c03f359436edef,static,sympy/matrices/matrices.py,3664,3664,high,E0402: Attempted relative import beyond top-level package,False,,3,,3.797000000020489,,,,1,
sympy__sympy-12454,sympy/sympy,d3fcdb72bfcbb560eb45264ac1c03f359436edef,static,sympy/matrices/matrices.py,8,8,medium,W0611: Unused fuzzy_and imported from sympy.core.logic,False,,3,,3.797000000020489,,,,1,
sympy__sympy-12454,sympy/sympy,d3fcdb72bfcbb560eb45264ac1c03f359436edef,static,sympy/matrices/matrices.py,14,15,medium,W0622: Redefining built-in 'range',False,,3,,3.797000000020489,,,,1,
sympy__sympy-12454,sympy/sympy,d3fcdb72bfcbb560eb45264ac1c03f359436edef,static,sympy/matrices/matrices.py,43,43,medium,W0107: Unnecessary pass statement,False,,3,,3.797000000020489,,,,1,
sympy__sympy-12454,sympy/sympy,d3fcdb72bfcbb560eb45264ac1c03f359436edef,static,sympy/matrices/matrices.py,111,111,medium,W0223: Method '__eq__' is abstract in class 'MatrixRequired' but is not overridden in child class 'MatrixShaping',False,,3,,3.797000000020489,,,,1,
sympy__sympy-12454,sympy/sympy,d3fcdb72bfcbb560eb45264ac1c03f359436edef,static,sympy/matrices/matrices.py,115,115,medium,W0612: Unused variable 'cols',False,,3,,3.797000000020489,,,,1,
sympy__sympy-12454,sympy/sympy,d3fcdb72bfcbb560eb45264ac1c03f359436edef,static,sympy/matrices/matrices.py,125,125,medium,W0108: Lambda may not be necessary,False,,3,,3.797000000020489,,,,1,
sympy__sympy-12454,sympy/sympy,d3fcdb72bfcbb560eb45264ac1c03f359436edef,static,sympy/matrices/matrices.py,135,135,medium,W0212: Access to a protected member _new of a client class,False,,3,,3.797000000020489,,,,1,
sympy__sympy-12454,sympy/sympy,d3fcdb72bfcbb560eb45264ac1c03f359436edef,static,sympy/matrices/matrices.py,136,136,medium,W0108: Lambda may not be necessary,False,,3,,3.797000000020489,,,,1,
sympy__sympy-12454,sympy/sympy,d3fcdb72bfcbb560eb45264ac1c03f359436edef,static,sympy/matrices/matrices.py,185,185,medium,W0212: Access to a protected member _new of a client class,False,,3,,3.797000000020489,,,,1,
sympy__sympy-13177,sympy/sympy,662cfb818e865f580e18b59efbb3540c34232beb,static,sympy/core/mod.py,4,4,high,E0402: Attempted relative import beyond top-level package,False,,3,,1.140999999945052,,,,1,
sympy__sympy-13177,sympy/sympy,662cfb818e865f580e18b59efbb3540c34232beb,static,sympy/core/mod.py,86,86,medium,W0511: XXX other possibilities?,False,,3,,1.140999999945052,,,,1,
sympy__sympy-13177,sympy/sympy,662cfb818e865f580e18b59efbb3540c34232beb,static,sympy/core/mod.py,140,140,medium,W0212: Access to a protected member _from_args of a client class,False,,3,,1.140999999945052,,,,1,
sympy__sympy-13437,sympy/sympy,674afc619d7f5c519b6a5393a8b0532a131e57e0,static,sympy/functions/combinatorial/numbers.py,113,113,high,E1120: No value for argument 'prev' in staticmethod call,False,,3,,1.7650000000139698,,,,1,
sympy__sympy-13437,sympy/sympy,674afc619d7f5c519b6a5393a8b0532a131e57e0,static,sympy/functions/combinatorial/numbers.py,439,439,high,E1120: No value for argument 'prev' in staticmethod call,False,,3,,1.7650000000139698,,,,1,
sympy__sympy-13437,sympy/sympy,674afc619d7f5c519b6a5393a8b0532a131e57e0,static,sympy/functions/combinatorial/numbers.py,441,441,high,E1120: No value for argument 'prev' in staticmethod call,False,,3,,1.7650000000139698,,,,1,
sympy__sympy-13437,sympy/sympy,674afc619d7f5c519b6a5393a8b0532a131e57e0,static,sympy/functions/combinatorial/numbers.py,1057,1057,high,F821: Undefined name `fuzzy_not`,False,,3,,1.7650000000139698,,,,1,
sympy__sympy-13437,sympy/sympy,674afc619d7f5c519b6a5393a8b0532a131e57e0,static,sympy/functions/combinatorial/numbers.py,1057,1057,high,E0602: Undefined variable 'fuzzy_not',False,,3,,1.7650000000139698,,,,1,
sympy__sympy-13437,sympy/sympy,674afc619d7f5c519b6a5393a8b0532a131e57e0,static,sympy/functions/combinatorial/numbers.py,1072,1072,high,F821: Undefined name `fuzzy_not`,False,,3,,1.7650000000139698,,,,1,
sympy__sympy-13437,sympy/sympy,674afc619d7f5c519b6a5393a8b0532a131e57e0,static,sympy/functions/combinatorial/numbers.py,1072,1072,high,E0602: Undefined variable 'fuzzy_not',False,,3,,1.7650000000139698,,,,1,
sympy__sympy-13437,sympy/sympy,674afc619d7f5c519b6a5393a8b0532a131e57e0,static,sympy/functions/combinatorial/numbers.py,13,13,medium,W0622: Redefining built-in 'range',False,,3,,1.7650000000139698,,,,1,
sympy__sympy-13437,sympy/sympy,674afc619d7f5c519b6a5393a8b0532a131e57e0,static,sympy/functions/combinatorial/numbers.py,95,95,medium,W0613: Unused argument 'n',False,,3,,1.7650000000139698,,,,1,
sympy__sympy-13437,sympy/sympy,674afc619d7f5c519b6a5393a8b0532a131e57e0,static,sympy/functions/combinatorial/numbers.py,606,606,medium,W0511: TODO: Fix for symbolic values of m,False,,3,,1.7650000000139698,,,,1,
sympy__sympy-13437,sympy/sympy,674afc619d7f5c519b6a5393a8b0532a131e57e0,static,sympy/functions/combinatorial/numbers.py,630,630,medium,W0613: Unused argument 'n',False,,3,,1.7650000000139698,,,,1,
sympy__sympy-13437,sympy/sympy,674afc619d7f5c519b6a5393a8b0532a131e57e0,static,sympy/functions/combinatorial/numbers.py,634,634,medium,W0613: Unused argument 'n',False,,3,,1.7650000000139698,,,,1,
sympy__sympy-13437,sympy/sympy,674afc619d7f5c519b6a5393a8b0532a131e57e0,static,sympy/functions/combinatorial/numbers.py,645,645,medium,W0613: Unused argument 'hints',False,,3,,1.7650000000139698,,,,1,
sympy__sympy-13437,sympy/sympy,674afc619d7f5c519b6a5393a8b0532a131e57e0,static,sympy/functions/combinatorial/numbers.py,678,678,medium,W0613: Unused argument 'n',False,,3,,1.7650000000139698,,,,1,
sympy__sympy-13437,sympy/sympy,674afc619d7f5c519b6a5393a8b0532a131e57e0,static,sympy/functions/combinatorial/numbers.py,685,685,medium,W0212: Access to a protected member _eval_evalf of a client class,False,,3,,1.7650000000139698,,,,1,
sympy__sympy-13437,sympy/sympy,674afc619d7f5c519b6a5393a8b0532a131e57e0,static,sympy/functions/combinatorial/numbers.py,781,781,medium,W0212: Access to a protected member _to_mpmath of a client class,False,,3,,1.7650000000139698,,,,1,
sympy__sympy-13437,sympy/sympy,674afc619d7f5c519b6a5393a8b0532a131e57e0,static,sympy/functions/combinatorial/numbers.py,794,794,medium,"W0511: XXX ComplexFloat (#12192) would be nice here, above",False,,3,,1.7650000000139698,,,,1,
sympy__sympy-13437,sympy/sympy,674afc619d7f5c519b6a5393a8b0532a131e57e0,static,sympy/functions/combinatorial/numbers.py,795,795,medium,W0212: Access to a protected member _prec of a client class,False,,3,,1.7650000000139698,,,,1,
sympy__sympy-13437,sympy/sympy,674afc619d7f5c519b6a5393a8b0532a131e57e0,static,sympy/functions/combinatorial/numbers.py,798,798,medium,W0212: Access to a protected member _from_mpmath of a client class,False,,3,,1.7650000000139698,,,,1,
sympy__sympy-13437,sympy/sympy,674afc619d7f5c519b6a5393a8b0532a131e57e0,static,sympy/functions/combinatorial/numbers.py,830,830,medium,W0212: Access to a protected member _to_mpmath of a client class,False,,3,,1.7650000000139698,,,,1,
sympy__sympy-13480,sympy/sympy,f57fe3f4b3f2cab225749e1b3b38ae1bf80b62f0,static,sympy/functions/elementary/hyperbolic.py,113,113,high,E1130: bad operand type for unary -: sinh,False,,3,,1.812999999965541,,,,1,
sympy__sympy-13480,sympy/sympy,f57fe3f4b3f2cab225749e1b3b38ae1bf80b62f0,static,sympy/functions/elementary/hyperbolic.py,124,124,high,E1130: bad operand type for unary -: sinh,False,,3,,1.812999999965541,,,,1,
sympy__sympy-13480,sympy/sympy,f57fe3f4b3f2cab225749e1b3b38ae1bf80b62f0,static,sympy/functions/elementary/hyperbolic.py,201,201,high,E0606: Possibly using variable 'y' before assignment,False,,3,,1.812999999965541,,,,1,
sympy__sympy-13480,sympy/sympy,f57fe3f4b3f2cab225749e1b3b38ae1bf80b62f0,static,sympy/functions/elementary/hyperbolic.py,353,353,high,E0606: Possibly using variable 'y' before assignment,False,,3,,1.812999999965541,,,,1,
sympy__sympy-13480,sympy/sympy,f57fe3f4b3f2cab225749e1b3b38ae1bf80b62f0,static,sympy/functions/elementary/hyperbolic.py,430,430,high,E1130: bad operand type for unary -: tanh,False,,3,,1.812999999965541,,,,1,
sympy__sympy-13480,sympy/sympy,f57fe3f4b3f2cab225749e1b3b38ae1bf80b62f0,static,sympy/functions/elementary/hyperbolic.py,443,443,high,E1130: bad operand type for unary -: tanh,False,,3,,1.812999999965541,,,,1,
sympy__sympy-13480,sympy/sympy,f57fe3f4b3f2cab225749e1b3b38ae1bf80b62f0,static,sympy/functions/elementary/hyperbolic.py,571,571,high,E1130: bad operand type for unary -: coth,False,,3,,1.812999999965541,,,,1,
sympy__sympy-13480,sympy/sympy,f57fe3f4b3f2cab225749e1b3b38ae1bf80b62f0,static,sympy/functions/elementary/hyperbolic.py,584,584,high,E1130: bad operand type for unary -: coth,True,site-0001,3,,1.812999999965541,,,,1,
sympy__sympy-13480,sympy/sympy,f57fe3f4b3f2cab225749e1b3b38ae1bf80b62f0,static,sympy/functions/elementary/hyperbolic.py,589,589,high,F841: Local variable `cothm` is assigned to but never used,True,site-0001,3,,1.812999999965541,,,,1,
sympy__sympy-13480,sympy/sympy,f57fe3f4b3f2cab225749e1b3b38ae1bf80b62f0,static,sympy/functions/elementary/hyperbolic.py,590,590,high,F821: Undefined name `cotm`,True,site-0001,3,,1.812999999965541,,,,1,
sympy__sympy-13480,sympy/sympy,f57fe3f4b3f2cab225749e1b3b38ae1bf80b62f0,static,sympy/functions/elementary/hyperbolic.py,590,590,high,E0602: Undefined variable 'cotm',True,site-0001,3,,1.812999999965541,,,,1,
sympy__sympy-13480,sympy/sympy,f57fe3f4b3f2cab225749e1b3b38ae1bf80b62f0,static,sympy/functions/elementary/hyperbolic.py,684,684,high,E1130: bad operand type for unary -: ReciprocalHyperbolicFunction,False,,3,,1.812999999965541,,,,1,
sympy__sympy-13480,sympy/sympy,f57fe3f4b3f2cab225749e1b3b38ae1bf80b62f0,static,sympy/functions/elementary/hyperbolic.py,693,693,high,E1102: self._reciprocal_of is not callable,False,,3,,1.812999999965541,,,,1,
sympy__sympy-13480,sympy/sympy,f57fe3f4b3f2cab225749e1b3b38ae1bf80b62f0,static,sympy/functions/elementary/hyperbolic.py,706,706,high,E1102: self._reciprocal_of is not callable,False,,3,,1.812999999965541,,,,1,
sympy__sympy-13480,sympy/sympy,f57fe3f4b3f2cab225749e1b3b38ae1bf80b62f0,static,sympy/functions/elementary/hyperbolic.py,722,722,high,E1102: self._reciprocal_of is not callable,False,,3,,1.812999999965541,,,,1,
sympy__sympy-13480,sympy/sympy,f57fe3f4b3f2cab225749e1b3b38ae1bf80b62f0,static,sympy/functions/elementary/hyperbolic.py,732,732,high,E1102: self._reciprocal_of is not callable,False,,3,,1.812999999965541,,,,1,
sympy__sympy-13480,sympy/sympy,f57fe3f4b3f2cab225749e1b3b38ae1bf80b62f0,static,sympy/functions/elementary/hyperbolic.py,735,735,high,E1102: self._reciprocal_of is not callable,False,,3,,1.812999999965541,,,,1,
sympy__sympy-13480,sympy/sympy,f57fe3f4b3f2cab225749e1b3b38ae1bf80b62f0,static,sympy/functions/elementary/hyperbolic.py,738,738,high,E1102: self._reciprocal_of is not callable,False,,3,,1.812999999965541,,,,1,
sympy__sympy-13480,sympy/sympy,f57fe3f4b3f2cab225749e1b3b38ae1bf80b62f0,static,sympy/functions/elementary/hyperbolic.py,761,761,high,E1130: bad operand type for unary -: coth,False,,3,,1.812999999965541,,,,1,
sympy__sympy-13480,sympy/sympy,f57fe3f4b3f2cab225749e1b3b38ae1bf80b62f0,static,sympy/functions/elementary/hyperbolic.py,809,809,high,E1130: bad operand type for unary -: tanh,False,,3,,1.812999999965541,,,,1,
sympy__sympy-13895,sympy/sympy,4da0b64558e9551a11a99bccc63557ba34f50c58,static,sympy/core/numbers.py,6,6,high,F401: `warnings` imported but unused,False,,3,,3.765999999945052,,,,1,
sympy__sympy-13895,sympy/sympy,4da0b64558e9551a11a99bccc63557ba34f50c58,static,sympy/core/numbers.py,8,8,high,F401: `collections.defaultdict` imported but unused,False,,3,,3.765999999945052,,,,1,
sympy__sympy-13895,sympy/sympy,4da0b64558e9551a11a99bccc63557ba34f50c58,static,sympy/core/numbers.py,10,10,high,E0402: Attempted relative import beyond top-level package,False,,3,,3.765999999945052,,,,1,
sympy__sympy-13895,sympy/sympy,4da0b64558e9551a11a99bccc63557ba34f50c58,static,sympy/core/numbers.py,11,11,high,E0402: Attempted relative import beyond top-level package,False,,3,,3.765999999945052,,,,1,
sympy__sympy-13895,sympy/sympy,4da0b64558e9551a11a99bccc63557ba34f50c58,static,sympy/core/numbers.py,12,12,high,E0402: Attempted relative import beyond top-level package,False,,3,,3.765999999945052,,,,1,
sympy__sympy-13895,sympy/sympy,4da0b64558e9551a11a99bccc63557ba34f50c58,static,sympy/core/numbers.py,13,13,high,E0402: Attempted relative import beyond top-level package,False,,3,,3.765999999945052,,,,1,
sympy__sympy-13895,sympy/sympy,4da0b64558e9551a11a99bccc63557ba34f50c58,static,sympy/core/numbers.py,14,14,high,E0402: Attempted relative import beyond top-level package,False,,3,,3.765999999945052,,,,1,
sympy__sympy-13895,sympy/sympy,4da0b64558e9551a11a99bccc63557ba34f50c58,static,sympy/core/numbers.py,15,15,high,E0402: Attempted relative import beyond top-level package,False,,3,,3.765999999945052,,,,1,
sympy__sympy-13895,sympy/sympy,4da0b64558e9551a11a99bccc63557ba34f50c58,static,sympy/core/numbers.py,16,16,high,E0402: Attempted relative import beyond top-level package,False,,3,,3.765999999945052,,,,1,
sympy__sympy-13895,sympy/sympy,4da0b64558e9551a11a99bccc63557ba34f50c58,static,sympy/core/numbers.py,30,30,high,E0402: Attempted relative import beyond top-level package,False,,3,,3.765999999945052,,,,1,
sympy__sympy-13895,sympy/sympy,4da0b64558e9551a11a99bccc63557ba34f50c58,static,sympy/core/numbers.py,205,205,high,F841: Local variable `ok` is assigned to but never used,False,,3,,3.765999999945052,,,,1,
sympy__sympy-13895,sympy/sympy,4da0b64558e9551a11a99bccc63557ba34f50c58,static,sympy/core/numbers.py,557,557,high,E0402: Attempted relative import beyond top-level package,False,,3,,3.765999999945052,,,,1,
sympy__sympy-13895,sympy/sympy,4da0b64558e9551a11a99bccc63557ba34f50c58,static,sympy/core/numbers.py,618,618,high,E1130: bad operand type for unary -: Number,False,,3,,3.765999999945052,,,,1,
sympy__sympy-13895,sympy/sympy,4da0b64558e9551a11a99bccc63557ba34f50c58,static,sympy/core/numbers.py,738,738,high,E1130: bad operand type for unary -: Number,False,,3,,3.765999999945052,,,,1,
sympy__sympy-13895,sympy/sympy,4da0b64558e9551a11a99bccc63557ba34f50c58,static,sympy/core/numbers.py,2025,2025,high,E0402: Attempted relative import beyond top-level package,False,,3,,3.765999999945052,,,,1,
sympy__sympy-13895,sympy/sympy,4da0b64558e9551a11a99bccc63557ba34f50c58,static,sympy/core/numbers.py,2032,2032,high,E0402: Attempted relative import beyond top-level package,False,,3,,3.765999999945052,,,,1,
sympy__sympy-13895,sympy/sympy,4da0b64558e9551a11a99bccc63557ba34f50c58,static,sympy/core/numbers.py,3839,3839,high,E0402: Attempted relative import beyond top-level package,False,,3,,3.765999999945052,,,,1,
sympy__sympy-13895,sympy/sympy,4da0b64558e9551a11a99bccc63557ba34f50c58,static,sympy/core/numbers.py,3840,3840,high,E0402: Attempted relative import beyond top-level package,False,,3,,3.765999999945052,,,,1,
sympy__sympy-13895,sympy/sympy,4da0b64558e9551a11a99bccc63557ba34f50c58,static,sympy/core/numbers.py,3842,3842,high,E0402: Attempted relative import beyond top-level package,False,,3,,3.765999999945052,,,,1,
sympy__sympy-13895,sympy/sympy,4da0b64558e9551a11a99bccc63557ba34f50c58,static,sympy/core/numbers.py,6,6,medium,W0611: Unused import warnings,False,,3,,3.765999999945052,,,,1,
sympy__sympy-14817,sympy/sympy,0dbdc0ea83d339936da175f8c3a97d0d6bafb9f8,static,sympy/printing/pretty/pretty.py,8,8,high,F401: `sympy.core.mod.Mod` imported but unused,False,,3,,3.780999999959022,,,,1,
sympy__sympy-14817,sympy/sympy,0dbdc0ea83d339936da175f8c3a97d0d6bafb9f8,static,sympy/printing/pretty/pretty.py,15,15,high,F401: `sympy.utilities.group` imported but unused,False,,3,,3.780999999959022,,,,1,
sympy__sympy-14817,sympy/sympy,0dbdc0ea83d339936da175f8c3a97d0d6bafb9f8,static,sympy/printing/pretty/pretty.py,19,19,high,F401: `sympy.core.add.Add` imported but unused,False,,3,,3.780999999959022,,,,1,
sympy__sympy-14817,sympy/sympy,0dbdc0ea83d339936da175f8c3a97d0d6bafb9f8,static,sympy/printing/pretty/pretty.py,25,25,high,E0402: Attempted relative import beyond top-level package,False,,3,,3.780999999959022,,,,1,
sympy__sympy-14817,sympy/sympy,0dbdc0ea83d339936da175f8c3a97d0d6bafb9f8,static,sympy/printing/pretty/pretty.py,26,28,high,E0402: Attempted relative import beyond top-level package,False,,3,,3.780999999959022,,,,1,
sympy__sympy-14817,sympy/sympy,0dbdc0ea83d339936da175f8c3a97d0d6bafb9f8,static,sympy/printing/pretty/pretty.py,594,594,high,E0606: Possibly using variable 'prettyUpper' before assignment,False,,3,,3.780999999959022,,,,1,
sympy__sympy-14817,sympy/sympy,0dbdc0ea83d339936da175f8c3a97d0d6bafb9f8,static,sympy/printing/pretty/pretty.py,598,598,high,E0606: Possibly using variable 'prettyLower' before assignment,False,,3,,3.780999999959022,,,,1,
sympy__sympy-14817,sympy/sympy,0dbdc0ea83d339936da175f8c3a97d0d6bafb9f8,static,sympy/printing/pretty/pretty.py,839,839,high,F811: Redefinition of unused `Add` from line 19: `Add` redefined here,False,,3,,3.780999999959022,,,,1,
sympy__sympy-14817,sympy/sympy,0dbdc0ea83d339936da175f8c3a97d0d6bafb9f8,static,sympy/printing/pretty/pretty.py,8,8,medium,W0611: Unused Mod imported from sympy.core.mod,False,,3,,3.780999999959022,,,,1,
sympy__sympy-14817,sympy/sympy,0dbdc0ea83d339936da175f8c3a97d0d6bafb9f8,static,sympy/printing/pretty/pretty.py,15,15,medium,W0611: Unused group imported from sympy.utilities,False,,3,,3.780999999959022,,,,1,
sympy__sympy-14817,sympy/sympy,0dbdc0ea83d339936da175f8c3a97d0d6bafb9f8,static,sympy/printing/pretty/pretty.py,18,18,medium,W0622: Redefining built-in 'range',False,,3,,3.780999999959022,,,,1,
sympy__sympy-14817,sympy/sympy,0dbdc0ea83d339936da175f8c3a97d0d6bafb9f8,static,sympy/printing/pretty/pretty.py,19,19,medium,W0611: Unused Add imported from sympy.core.add,False,,3,,3.780999999959022,,,,1,
sympy__sympy-14817,sympy/sympy,0dbdc0ea83d339936da175f8c3a97d0d6bafb9f8,static,sympy/printing/pretty/pretty.py,90,90,medium,W0212: Access to a protected member _expr1 of a client class,False,,3,,3.780999999959022,,,,1,
sympy__sympy-14817,sympy/sympy,0dbdc0ea83d339936da175f8c3a97d0d6bafb9f8,static,sympy/printing/pretty/pretty.py,91,91,medium,W0212: Access to a protected member _expr2 of a client class,False,,3,,3.780999999959022,,,,1,
sympy__sympy-14817,sympy/sympy,0dbdc0ea83d339936da175f8c3a97d0d6bafb9f8,static,sympy/printing/pretty/pretty.py,102,102,medium,W0212: Access to a protected member _expr of a client class,False,,3,,3.780999999959022,,,,1,
sympy__sympy-14817,sympy/sympy,0dbdc0ea83d339936da175f8c3a97d0d6bafb9f8,static,sympy/printing/pretty/pretty.py,111,111,medium,W0212: Access to a protected member _expr of a client class,False,,3,,3.780999999959022,,,,1,
sympy__sympy-14817,sympy/sympy,0dbdc0ea83d339936da175f8c3a97d0d6bafb9f8,static,sympy/printing/pretty/pretty.py,120,120,medium,W0212: Access to a protected member _expr1 of a client class,False,,3,,3.780999999959022,,,,1,
sympy__sympy-14817,sympy/sympy,0dbdc0ea83d339936da175f8c3a97d0d6bafb9f8,static,sympy/printing/pretty/pretty.py,121,121,medium,W0212: Access to a protected member _expr2 of a client class,False,,3,,3.780999999959022,,,,1,
sympy__sympy-14817,sympy/sympy,0dbdc0ea83d339936da175f8c3a97d0d6bafb9f8,static,sympy/printing/pretty/pretty.py,132,132,medium,W0212: Access to a protected member _expr of a client class,False,,3,,3.780999999959022,,,,1,
sympy__sympy-14817,sympy/sympy,0dbdc0ea83d339936da175f8c3a97d0d6bafb9f8,static,sympy/printing/pretty/pretty.py,220,220,medium,W1406: The u prefix for strings is no longer necessary in Python >=3.0,False,,3,,3.780999999959022,,,,1,
sympy__sympy-16792,sympy/sympy,09786a173e7a0a488f46dd6000177c23e5d24eed,static,sympy/utilities/codegen.py,277,277,high,F632: Use `==` to compare constant literals,False,,3,,2.23499999998603,,,,1,
sympy__sympy-16792,sympy/sympy,09786a173e7a0a488f46dd6000177c23e5d24eed,static,sympy/utilities/codegen.py,279,279,high,F632: Use `==` to compare constant literals,False,,3,,2.23499999998603,,,,1,
sympy__sympy-16792,sympy/sympy,09786a173e7a0a488f46dd6000177c23e5d24eed,static,sympy/utilities/codegen.py,643,643,high,E0606: Possibly using variable 'local_symbols' before assignment,False,,3,,2.23499999998603,,,,1,
sympy__sympy-16792,sympy/sympy,09786a173e7a0a488f46dd6000177c23e5d24eed,static,sympy/utilities/codegen.py,777,777,high,E1101: Instance of 'CodeGen' has no 'dump_fns' member,False,,3,,2.23499999998603,,,,1,
sympy__sympy-16792,sympy/sympy,09786a173e7a0a488f46dd6000177c23e5d24eed,static,sympy/utilities/codegen.py,783,783,high,E1101: Instance of 'CodeGen' has no 'dump_fns' member,False,,3,,2.23499999998603,,,,1,
sympy__sympy-16792,sympy/sympy,09786a173e7a0a488f46dd6000177c23e5d24eed,static,sympy/utilities/codegen.py,819,819,high,E1101: Instance of 'CodeGen' has no '_preprocessor_statements' member,False,,3,,2.23499999998603,,,,1,
sympy__sympy-16792,sympy/sympy,09786a173e7a0a488f46dd6000177c23e5d24eed,static,sympy/utilities/codegen.py,824,824,high,E1101: Instance of 'CodeGen' has no '_get_routine_opening' member,False,,3,,2.23499999998603,,,,1,
sympy__sympy-16792,sympy/sympy,09786a173e7a0a488f46dd6000177c23e5d24eed,static,sympy/utilities/codegen.py,825,825,high,E1101: Instance of 'CodeGen' has no '_declare_arguments' member,False,,3,,2.23499999998603,,,,1,
sympy__sympy-16792,sympy/sympy,09786a173e7a0a488f46dd6000177c23e5d24eed,static,sympy/utilities/codegen.py,826,826,high,E1101: Instance of 'CodeGen' has no '_declare_globals' member,False,,3,,2.23499999998603,,,,1,
sympy__sympy-16792,sympy/sympy,09786a173e7a0a488f46dd6000177c23e5d24eed,static,sympy/utilities/codegen.py,827,827,high,E1101: Instance of 'CodeGen' has no '_declare_locals' member,False,,3,,2.23499999998603,,,,1,
sympy__sympy-16792,sympy/sympy,09786a173e7a0a488f46dd6000177c23e5d24eed,static,sympy/utilities/codegen.py,830,830,high,E1101: Instance of 'CodeGen' has no '_call_printer' member,False,,3,,2.23499999998603,,,,1,
sympy__sympy-16792,sympy/sympy,09786a173e7a0a488f46dd6000177c23e5d24eed,static,sympy/utilities/codegen.py,833,833,high,E1101: Instance of 'CodeGen' has no '_get_routine_ending' member,False,,3,,2.23499999998603,,,,1,
sympy__sympy-16792,sympy/sympy,09786a173e7a0a488f46dd6000177c23e5d24eed,static,sympy/utilities/codegen.py,838,838,high,E1101: Instance of 'CodeGen' has no '_get_header' member,False,,3,,2.23499999998603,,,,1,
sympy__sympy-16792,sympy/sympy,09786a173e7a0a488f46dd6000177c23e5d24eed,static,sympy/utilities/codegen.py,958,958,high,E0710: Raising a class which doesn't inherit from BaseException,False,,3,,2.23499999998603,,,,1,
sympy__sympy-16792,sympy/sympy,09786a173e7a0a488f46dd6000177c23e5d24eed,static,sympy/utilities/codegen.py,1229,1229,high,E0606: Possibly using variable 'assign_to' before assignment,False,,3,,2.23499999998603,,,,1,
sympy__sympy-16792,sympy/sympy,09786a173e7a0a488f46dd6000177c23e5d24eed,static,sympy/utilities/codegen.py,252,252,medium,W0511: FIXME,False,,3,,2.23499999998603,,,,1,
sympy__sympy-16792,sympy/sympy,09786a173e7a0a488f46dd6000177c23e5d24eed,static,sympy/utilities/codegen.py,360,361,medium,"B904: Within an `except` clause, raise exceptions with `raise ... from err` or `raise ... from None` to distinguish them from errors in exception handling",False,,3,,2.23499999998603,,,,1,
sympy__sympy-16792,sympy/sympy,09786a173e7a0a488f46dd6000177c23e5d24eed,static,sympy/utilities/codegen.py,360,361,medium,"W0707: Consider explicitly re-raising using 'except KeyError as exc' and 'raise CodeGenError('Has datatypes for languages: %s' % ', '.join(self._datatype)) from exc'",False,,3,,2.23499999998603,,,,1,
sympy__sympy-16792,sympy/sympy,09786a173e7a0a488f46dd6000177c23e5d24eed,static,sympy/utilities/codegen.py,370,370,medium,W0107: Unnecessary pass statement,False,,3,,2.23499999998603,,,,1,
sympy__sympy-16792,sympy/sympy,09786a173e7a0a488f46dd6000177c23e5d24eed,static,sympy/utilities/codegen.py,547,547,medium,W1113: Keyword argument before variable positional arguments list in the definition of _printer_method_with_settings function,False,,3,,2.23499999998603,,,,1,
sympy__sympy-17655,sympy/sympy,f5e965947af2410ded92cfad987aaf45262ea434,static,sympy/geometry/point.py,38,38,high,E0402: Attempted relative import beyond top-level package,False,,3,,1.4849999999860302,,,,1,
sympy__sympy-17655,sympy/sympy,f5e965947af2410ded92cfad987aaf45262ea434,static,sympy/geometry/point.py,147,147,medium,B028: No explicit `stacklevel` keyword argument found,False,,3,,1.4849999999860302,,,,1,
sympy__sympy-17655,sympy/sympy,f5e965947af2410ded92cfad987aaf45262ea434,static,sympy/geometry/point.py,219,219,medium,"B904: Within an `except` clause, raise exceptions with `raise ... from err` or `raise ... from None` to distinguish them from errors in exception handling",False,,3,,1.4849999999860302,,,,1,
sympy__sympy-17655,sympy/sympy,f5e965947af2410ded92cfad987aaf45262ea434,static,sympy/geometry/point.py,219,219,medium,"W0707: Consider explicitly re-raising using 'except TypeError as exc' and 'raise GeometryError(""Don't know how to add {} and a Point object"".format(other)) from exc'",False,,3,,1.4849999999860302,,,,1,
sympy__sympy-17655,sympy/sympy,f5e965947af2410ded92cfad987aaf45262ea434,static,sympy/geometry/point.py,327,327,medium,W0511: XXX fragile -- what is a better way?,False,,3,,1.4849999999860302,,,,1,
sympy__sympy-17655,sympy/sympy,f5e965947af2410ded92cfad987aaf45262ea434,static,sympy/geometry/point.py,425,425,medium,"B904: Within an `except` clause, raise exceptions with `raise ... from err` or `raise ... from None` to distinguish them from errors in exception handling",False,,3,,1.4849999999860302,,,,1,
sympy__sympy-17655,sympy/sympy,f5e965947af2410ded92cfad987aaf45262ea434,static,sympy/geometry/point.py,425,425,medium,W0707: Consider explicitly re-raising using 'except TypeError as exc' and 'raise TypeError('not recognized as a GeometricEntity: %s' % type(other)) from exc',False,,3,,1.4849999999860302,,,,1,
sympy__sympy-17655,sympy/sympy,f5e965947af2410ded92cfad987aaf45262ea434,static,sympy/geometry/point.py,608,608,medium,W0612: Unused variable 'rref',False,,3,,1.4849999999860302,,,,1,
sympy__sympy-17655,sympy/sympy,f5e965947af2410ded92cfad987aaf45262ea434,static,sympy/geometry/point.py,946,946,medium,W0621: Redefining name 'Point' from outer scope (line 41),False,,3,,1.4849999999860302,,,,1,
sympy__sympy-17655,sympy/sympy,f5e965947af2410ded92cfad987aaf45262ea434,static,sympy/geometry/point.py,1001,1001,medium,W0612: Unused variable 'col',False,,3,,1.4849999999860302,,,,1,
sympy__sympy-17655,sympy/sympy,f5e965947af2410ded92cfad987aaf45262ea434,static,sympy/geometry/point.py,1279,1279,medium,W0612: Unused variable 'col',False,,3,,1.4849999999860302,,,,1,
sympy__sympy-18087,sympy/sympy,9da013ad0ddc3cd96fe505f2e47c63e372040916,static,sympy/core/exprtools.py,405,405,high,E1102: keys is not callable,False,,3,,2.062999999965541,,,,1,
sympy__sympy-18087,sympy/sympy,9da013ad0ddc3cd96fe505f2e47c63e372040916,static,sympy/core/exprtools.py,6,6,medium,W0622: Redefining built-in 'range',False,,3,,2.062999999965541,,,,1,
sympy__sympy-18087,sympy/sympy,9da013ad0ddc3cd96fe505f2e47c63e372040916,static,sympy/core/exprtools.py,1242,1242,medium,W0612: Unused variable 'b',False,,3,,2.062999999965541,,,,1,
sympy__sympy-18087,sympy/sympy,9da013ad0ddc3cd96fe505f2e47c63e372040916,static,sympy/core/exprtools.py,1247,1247,medium,W0212: Access to a protected member _from_args of a client class,False,,3,,2.062999999965541,,,,1,
sympy__sympy-18087,sympy/sympy,9da013ad0ddc3cd96fe505f2e47c63e372040916,static,sympy/core/exprtools.py,1351,1351,medium,W0621: Redefining name 'Dummy' from outer scope (line 14),False,,3,,2.062999999965541,,,,1,
sympy__sympy-18087,sympy/sympy,9da013ad0ddc3cd96fe505f2e47c63e372040916,static,sympy/core/exprtools.py,1352,1352,medium,W0621: Redefining name 'Dummy' from outer scope (line 14),False,,3,,2.062999999965541,,,,1,
sympy__sympy-18087,sympy/sympy,9da013ad0ddc3cd96fe505f2e47c63e372040916,static,sympy/core/exprtools.py,1352,1352,medium,W0404: Reimport 'Dummy' (imported line 14),False,,3,,2.062999999965541,,,,1,
sympy__sympy-18087,sympy/sympy,9da013ad0ddc3cd96fe505f2e47c63e372040916,static,sympy/core/exprtools.py,1364,1364,medium,B007: Loop control variable `i` not used within loop body,False,,3,,2.062999999965541,,,,1,
sympy__sympy-18087,sympy/sympy,9da013ad0ddc3cd96fe505f2e47c63e372040916,static,sympy/core/exprtools.py,1364,1364,medium,W0612: Unused variable 'i',False,,3,,2.062999999965541,,,,1,
sympy__sympy-18087,sympy/sympy,9da013ad0ddc3cd96fe505f2e47c63e372040916,static,sympy/core/exprtools.py,1437,1437,medium,W0212: Access to a protected member _from_args of a client class,False,,3,,2.062999999965541,,,,1,
sympy__sympy-18087,sympy/sympy,9da013ad0ddc3cd96fe505f2e47c63e372040916,static,sympy/core/exprtools.py,1439,1439,medium,W0212: Access to a protected member _from_args of a client class,False,,3,,2.062999999965541,,,,1,
sympy__sympy-18087,sympy/sympy,9da013ad0ddc3cd96fe505f2e47c63e372040916,static,sympy/core/exprtools.py,1447,1447,medium,W0212: Access to a protected member _from_args of a client class,False,,3,,2.062999999965541,,,,1,
sympy__sympy-18087,sympy/sympy,9da013ad0ddc3cd96fe505f2e47c63e372040916,static,sympy/core/exprtools.py,1546,1546,medium,W0511: XXX TODO there should be a way to inspect what order the terms,False,,3,,2.062999999965541,,,,1,
sympy__sympy-18087,sympy/sympy,9da013ad0ddc3cd96fe505f2e47c63e372040916,static,sympy/core/exprtools.py,6,6,low,A004: Import `range` is shadowing a Python builtin,False,,3,,2.062999999965541,,,,1,
sympy__sympy-19007,sympy/sympy,f9e030b57623bebdc2efa7f297c1b5ede08fcebf,static,sympy/matrices/expressions/blockmatrix.py,78,78,medium,W0613: Unused argument 'kwargs',False,,3,,1.3900000000139698,,,,1,
sympy__sympy-19007,sympy/sympy,f9e030b57623bebdc2efa7f297c1b5ede08fcebf,static,sympy/matrices/expressions/blockmatrix.py,235,235,medium,W0613: Unused argument 'kwargs',True,site-0002,3,,1.3900000000139698,,,,1,
sympy__sympy-19007,sympy/sympy,f9e030b57623bebdc2efa7f297c1b5ede08fcebf,static,sympy/matrices/expressions/blockmatrix.py,237,237,medium,B007: Loop control variable `row_block` not used within loop body,True,site-0002,3,,1.3900000000139698,,,,1,
sympy__sympy-19007,sympy/sympy,f9e030b57623bebdc2efa7f297c1b5ede08fcebf,static,sympy/matrices/expressions/blockmatrix.py,242,242,medium,B007: Loop control variable `col_block` not used within loop body,True,site-0002,3,,1.3900000000139698,,,,1,
sympy__sympy-19007,sympy/sympy,f9e030b57623bebdc2efa7f297c1b5ede08fcebf,static,sympy/matrices/expressions/blockmatrix.py,247,247,medium,W0631: Using possibly undefined loop variable 'row_block',True,site-0002,3,,1.3900000000139698,,,,1,
sympy__sympy-19007,sympy/sympy,f9e030b57623bebdc2efa7f297c1b5ede08fcebf,static,sympy/matrices/expressions/blockmatrix.py,324,324,medium,W0613: Unused argument 'expand',False,,3,,1.3900000000139698,,,,1,
sympy__sympy-19007,sympy/sympy,f9e030b57623bebdc2efa7f297c1b5ede08fcebf,static,sympy/matrices/expressions/blockmatrix.py,413,413,medium,W0212: Access to a protected member _blockadd of a client class,False,,3,,1.3900000000139698,,,,1,
sympy__sympy-19007,sympy/sympy,f9e030b57623bebdc2efa7f297c1b5ede08fcebf,static,sympy/matrices/expressions/blockmatrix.py,466,466,medium,W0212: Access to a protected member _blockmul of a client class,False,,3,,1.3900000000139698,,,,1,
sympy__sympy-19007,sympy/sympy,f9e030b57623bebdc2efa7f297c1b5ede08fcebf,static,sympy/matrices/expressions/blockmatrix.py,469,469,medium,W0212: Access to a protected member _blockmul of a client class,False,,3,,1.3900000000139698,,,,1,
sympy__sympy-19007,sympy/sympy,f9e030b57623bebdc2efa7f297c1b5ede08fcebf,static,sympy/matrices/expressions/blockmatrix.py,472,472,medium,W0212: Access to a protected member _blockmul of a client class,False,,3,,1.3900000000139698,,,,1,
sympy__sympy-19007,sympy/sympy,f9e030b57623bebdc2efa7f297c1b5ede08fcebf,static,sympy/matrices/expressions/blockmatrix.py,480,480,medium,W0212: Access to a protected member _eval_transpose of a client class,False,,3,,1.3900000000139698,,,,1,
sympy__sympy-19007,sympy/sympy,f9e030b57623bebdc2efa7f297c1b5ede08fcebf,static,sympy/matrices/expressions/blockmatrix.py,485,485,medium,W0212: Access to a protected member _eval_inverse of a client class,False,,3,,1.3900000000139698,,,,1,
sympy__sympy-19007,sympy/sympy,f9e030b57623bebdc2efa7f297c1b5ede08fcebf,static,sympy/matrices/expressions/blockmatrix.py,516,516,medium,W0621: Redefining name 'Matrix' from outer scope (line 19),False,,3,,1.3900000000139698,,,,1,
sympy__sympy-19007,sympy/sympy,f9e030b57623bebdc2efa7f297c1b5ede08fcebf,static,sympy/matrices/expressions/blockmatrix.py,516,516,medium,W0404: Reimport 'Matrix' (imported line 19),False,,3,,1.3900000000139698,,,,1,
sympy__sympy-19254,sympy/sympy,e0ef1da13e2ab2a77866c05246f73c871ca9388c,static,sympy/polys/factortools.py,477,477,medium,B007: Loop control variable `i` not used within loop body,False,,3,,1.640999999945052,,,,1,
sympy__sympy-19254,sympy/sympy,e0ef1da13e2ab2a77866c05246f73c871ca9388c,static,sympy/polys/factortools.py,477,477,medium,W0612: Unused variable 'i',False,,3,,1.640999999945052,,,,1,
sympy__sympy-19254,sympy/sympy,e0ef1da13e2ab2a77866c05246f73c871ca9388c,static,sympy/polys/factortools.py,1026,1027,medium,"B904: Within an `except` clause, raise exceptions with `raise ... from err` or `raise ... from None` to distinguish them from errors in exception handling",False,,3,,1.640999999945052,,,,1,
sympy__sympy-19254,sympy/sympy,e0ef1da13e2ab2a77866c05246f73c871ca9388c,static,sympy/polys/factortools.py,1026,1027,medium,W0707: Consider explicitly re-raising using 'except ExtraneousFactors as exc' and 'raise ExtraneousFactors('we need to restart algorithm with better parameters') from exc',False,,3,,1.640999999945052,,,,1,
sympy__sympy-20212,sympy/sympy,a106f4782a9dbe7f8fd16030f15401d977e03ae9,static,sympy/core/power.py,3,3,high,E0402: Attempted relative import beyond top-level package,False,,3,,2.359000000054948,,,,1,
sympy__sympy-20212,sympy/sympy,a106f4782a9dbe7f8fd16030f15401d977e03ae9,static,sympy/core/power.py,4,4,high,E0402: Attempted relative import beyond top-level package,False,,3,,2.359000000054948,,,,1,
sympy__sympy-20212,sympy/sympy,a106f4782a9dbe7f8fd16030f15401d977e03ae9,static,sympy/core/power.py,5,5,high,E0402: Attempted relative import beyond top-level package,False,,3,,2.359000000054948,,,,1,
sympy__sympy-20212,sympy/sympy,a106f4782a9dbe7f8fd16030f15401d977e03ae9,static,sympy/core/power.py,6,6,high,E0402: Attempted relative import beyond top-level package,False,,3,,2.359000000054948,,,,1,
sympy__sympy-20212,sympy/sympy,a106f4782a9dbe7f8fd16030f15401d977e03ae9,static,sympy/core/power.py,7,7,high,E0402: Attempted relative import beyond top-level package,False,,3,,2.359000000054948,,,,1,
sympy__sympy-20212,sympy/sympy,a106f4782a9dbe7f8fd16030f15401d977e03ae9,static,sympy/core/power.py,8,9,high,E0402: Attempted relative import beyond top-level package,False,,3,,2.359000000054948,,,,1,
sympy__sympy-20212,sympy/sympy,a106f4782a9dbe7f8fd16030f15401d977e03ae9,static,sympy/core/power.py,10,10,high,E0402: Attempted relative import beyond top-level package,False,,3,,2.359000000054948,,,,1,
sympy__sympy-20212,sympy/sympy,a106f4782a9dbe7f8fd16030f15401d977e03ae9,static,sympy/core/power.py,11,11,high,E0402: Attempted relative import beyond top-level package,False,,3,,2.359000000054948,,,,1,
sympy__sympy-20212,sympy/sympy,a106f4782a9dbe7f8fd16030f15401d977e03ae9,static,sympy/core/power.py,12,12,high,E0402: Attempted relative import beyond top-level package,False,,3,,2.359000000054948,,,,1,
sympy__sympy-20212,sympy/sympy,a106f4782a9dbe7f8fd16030f15401d977e03ae9,static,sympy/core/power.py,308,308,high,E1130: bad operand type for unary -: Pow,False,,3,,2.359000000054948,,,,1,
sympy__sympy-20212,sympy/sympy,a106f4782a9dbe7f8fd16030f15401d977e03ae9,static,sympy/core/power.py,358,358,high,E1130: bad operand type for unary -: Pow,False,,3,,2.359000000054948,,,,1,
sympy__sympy-20212,sympy/sympy,a106f4782a9dbe7f8fd16030f15401d977e03ae9,static,sympy/core/power.py,467,467,high,E0402: Attempted relative import beyond top-level package,False,,3,,2.359000000054948,,,,1,
sympy__sympy-20212,sympy/sympy,a106f4782a9dbe7f8fd16030f15401d977e03ae9,static,sympy/core/power.py,1742,1742,high,E0402: Attempted relative import beyond top-level package,False,,3,,2.359000000054948,,,,1,
sympy__sympy-20212,sympy/sympy,a106f4782a9dbe7f8fd16030f15401d977e03ae9,static,sympy/core/power.py,1743,1743,high,E0402: Attempted relative import beyond top-level package,False,,3,,2.359000000054948,,,,1,
sympy__sympy-20212,sympy/sympy,a106f4782a9dbe7f8fd16030f15401d977e03ae9,static,sympy/core/power.py,1744,1744,high,E0402: Attempted relative import beyond top-level package,False,,3,,2.359000000054948,,,,1,
sympy__sympy-20212,sympy/sympy,a106f4782a9dbe7f8fd16030f15401d977e03ae9,static,sympy/core/power.py,1745,1745,high,E0402: Attempted relative import beyond top-level package,False,,3,,2.359000000054948,,,,1,
sympy__sympy-20212,sympy/sympy,a106f4782a9dbe7f8fd16030f15401d977e03ae9,static,sympy/core/power.py,278,278,medium,W0511: XXX: This can be removed when non-Expr args are disallowed rather,False,,3,,2.359000000054948,,,,1,
sympy__sympy-20212,sympy/sympy,a106f4782a9dbe7f8fd16030f15401d977e03ae9,static,sympy/core/power.py,284,284,medium,W0511: XXX: This should raise TypeError once deprecation period is over,False,,3,,2.359000000054948,,,,1,
sympy__sympy-20212,sympy/sympy,a106f4782a9dbe7f8fd16030f15401d977e03ae9,static,sympy/core/power.py,309,309,medium,W0511: XXX S.NaN**x -> S.NaN under assumption that x != 0,False,,3,,2.359000000054948,,,,1,
sympy__sympy-20212,sympy/sympy,a106f4782a9dbe7f8fd16030f15401d977e03ae9,static,sympy/core/power.py,489,489,medium,W0511: XXX Mod-Pow actually attempts to do a hanging evaluation,False,,3,,2.359000000054948,,,,1,
sympy__sympy-20322,sympy/sympy,ab864967e71c950a15771bb6c3723636026ba876,static,sympy/core/mul.py,5,5,high,E0402: Attempted relative import beyond top-level package,True,site-0001,3,,2.562000000034459,,,,1,
sympy__sympy-20322,sympy/sympy,ab864967e71c950a15771bb6c3723636026ba876,static,sympy/core/mul.py,6,6,high,E0402: Attempted relative import beyond top-level package,True,site-0001,3,,2.562000000034459,,,,1,
sympy__sympy-20322,sympy/sympy,ab864967e71c950a15771bb6c3723636026ba876,static,sympy/core/mul.py,7,7,high,E0402: Attempted relative import beyond top-level package,True,site-0001,3,,2.562000000034459,,,,1,
sympy__sympy-20322,sympy/sympy,ab864967e71c950a15771bb6c3723636026ba876,static,sympy/core/mul.py,8,8,high,E0402: Attempted relative import beyond top-level package,True,site-0001,3,,2.562000000034459,,,,1,
sympy__sympy-20322,sympy/sympy,ab864967e71c950a15771bb6c3723636026ba876,static,sympy/core/mul.py,9,9,high,E0402: Attempted relative import beyond top-level package,True,site-0001,3,,2.562000000034459,,,,1,
sympy__sympy-20322,sympy/sympy,ab864967e71c950a15771bb6c3723636026ba876,static,sympy/core/mul.py,10,10,high,E0402: Attempted relative import beyond top-level package,True,site-0001,3,,2.562000000034459,,,,1,
sympy__sympy-20322,sympy/sympy,ab864967e71c950a15771bb6c3723636026ba876,static,sympy/core/mul.py,11,11,high,E0402: Attempted relative import beyond top-level package,True,site-0001,3,,2.562000000034459,,,,1,
sympy__sympy-20322,sympy/sympy,ab864967e71c950a15771bb6c3723636026ba876,static,sympy/core/mul.py,12,12,high,E0402: Attempted relative import beyond top-level package,True,site-0001,3,,2.562000000034459,,,,1,
sympy__sympy-20322,sympy/sympy,ab864967e71c950a15771bb6c3723636026ba876,static,sympy/core/mul.py,13,13,high,E0402: Attempted relative import beyond top-level package,True,site-0001,3,,2.562000000034459,,,,1,
sympy__sympy-20322,sympy/sympy,ab864967e71c950a15771bb6c3723636026ba876,static,sympy/core/mul.py,921,921,high,E0402: Attempted relative import beyond top-level package,False,,3,,2.562000000034459,,,,1,
sympy__sympy-20322,sympy/sympy,ab864967e71c950a15771bb6c3723636026ba876,static,sympy/core/mul.py,922,922,high,E0402: Attempted relative import beyond top-level package,False,,3,,2.562000000034459,,,,1,
sympy__sympy-20322,sympy/sympy,ab864967e71c950a15771bb6c3723636026ba876,static,sympy/core/mul.py,1133,1133,high,E0402: Attempted relative import beyond top-level package,False,,3,,2.562000000034459,,,,1,
sympy__sympy-20322,sympy/sympy,ab864967e71c950a15771bb6c3723636026ba876,static,sympy/core/mul.py,2007,2007,high,E0402: Attempted relative import beyond top-level package,False,,3,,2.562000000034459,,,,1,
sympy__sympy-20322,sympy/sympy,ab864967e71c950a15771bb6c3723636026ba876,static,sympy/core/mul.py,2008,2008,high,E0402: Attempted relative import beyond top-level package,False,,3,,2.562000000034459,,,,1,
sympy__sympy-20322,sympy/sympy,ab864967e71c950a15771bb6c3723636026ba876,static,sympy/core/mul.py,2009,2009,high,E0402: Attempted relative import beyond top-level package,False,,3,,2.562000000034459,,,,1,
sympy__sympy-20322,sympy/sympy,ab864967e71c950a15771bb6c3723636026ba876,static,sympy/core/mul.py,76,76,medium,W0212: Access to a protected member _from_args of a client class,False,,3,,2.562000000034459,,,,1,
sympy__sympy-20322,sympy/sympy,ab864967e71c950a15771bb6c3723636026ba876,static,sympy/core/mul.py,85,85,medium,W0212: Access to a protected member _from_args of a client class,False,,3,,2.562000000034459,,,,1,
sympy__sympy-20322,sympy/sympy,ab864967e71c950a15771bb6c3723636026ba876,static,sympy/core/mul.py,86,86,medium,W0212: Access to a protected member _from_args of a client class,False,,3,,2.562000000034459,,,,1,
sympy__sympy-20322,sympy/sympy,ab864967e71c950a15771bb6c3723636026ba876,static,sympy/core/mul.py,217,217,medium,W0212: Access to a protected member _from_args of a client class,False,,3,,2.562000000034459,,,,1,
sympy__sympy-20322,sympy/sympy,ab864967e71c950a15771bb6c3723636026ba876,static,sympy/core/mul.py,263,263,medium,W0511: XXX zerocopy?,False,,3,,2.562000000034459,,,,1,
sympy__sympy-21627,sympy/sympy,126f80578140e752ad5135aac77b8ff887eede3e,static,sympy/functions/elementary/complexes.py,203,203,high,E1130: bad operand type for unary -: im,False,,3,,1.6869999999180436,,,,1,
sympy__sympy-21627,sympy/sympy,126f80578140e752ad5135aac77b8ff887eede3e,static,sympy/functions/elementary/complexes.py,342,342,high,E1130: bad operand type for unary -: sign,False,,3,,1.6869999999180436,,,,1,
sympy__sympy-21627,sympy/sympy,126f80578140e752ad5135aac77b8ff887eede3e,static,sympy/functions/elementary/complexes.py,845,845,high,E1130: bad operand type for unary -: conjugate,False,,3,,1.6869999999180436,,,,1,
sympy__sympy-21627,sympy/sympy,126f80578140e752ad5135aac77b8ff887eede3e,static,sympy/functions/elementary/complexes.py,67,67,medium,W0621: Redefining name 'arg' from outer scope (line 705),False,,3,,1.6869999999180436,,,,1,
sympy__sympy-21627,sympy/sympy,126f80578140e752ad5135aac77b8ff887eede3e,static,sympy/functions/elementary/complexes.py,107,107,medium,W0613: Unused argument 'deep',False,,3,,1.6869999999180436,,,,1,
sympy__sympy-21627,sympy/sympy,126f80578140e752ad5135aac77b8ff887eede3e,static,sympy/functions/elementary/complexes.py,121,121,medium,W0621: Redefining name 'arg' from outer scope (line 705),False,,3,,1.6869999999180436,,,,1,
sympy__sympy-21627,sympy/sympy,126f80578140e752ad5135aac77b8ff887eede3e,static,sympy/functions/elementary/complexes.py,121,121,medium,W0613: Unused argument 'arg',False,,3,,1.6869999999180436,,,,1,
sympy__sympy-21627,sympy/sympy,126f80578140e752ad5135aac77b8ff887eede3e,static,sympy/functions/elementary/complexes.py,141,141,medium,W0212: Access to a protected member _sage_ of a client class,False,,3,,1.6869999999180436,,,,1,
sympy__sympy-21627,sympy/sympy,126f80578140e752ad5135aac77b8ff887eede3e,static,sympy/functions/elementary/complexes.py,191,191,medium,W0621: Redefining name 'arg' from outer scope (line 705),False,,3,,1.6869999999180436,,,,1,
sympy__sympy-21627,sympy/sympy,126f80578140e752ad5135aac77b8ff887eede3e,static,sympy/functions/elementary/complexes.py,230,230,medium,W0613: Unused argument 'deep',False,,3,,1.6869999999180436,,,,1,
sympy__sympy-21627,sympy/sympy,126f80578140e752ad5135aac77b8ff887eede3e,static,sympy/functions/elementary/complexes.py,246,246,medium,W0212: Access to a protected member _sage_ of a client class,False,,3,,1.6869999999180436,,,,1,
sympy__sympy-21627,sympy/sympy,126f80578140e752ad5135aac77b8ff887eede3e,static,sympy/functions/elementary/complexes.py,248,248,medium,W0621: Redefining name 'arg' from outer scope (line 705),False,,3,,1.6869999999180436,,,,1,
sympy__sympy-21627,sympy/sympy,126f80578140e752ad5135aac77b8ff887eede3e,static,sympy/functions/elementary/complexes.py,248,248,medium,W0613: Unused argument 'arg',False,,3,,1.6869999999180436,,,,1,
sympy__sympy-21627,sympy/sympy,126f80578140e752ad5135aac77b8ff887eede3e,static,sympy/functions/elementary/complexes.py,328,328,medium,W0613: Unused argument 'hints',False,,3,,1.6869999999180436,,,,1,
sympy__sympy-21627,sympy/sympy,126f80578140e752ad5135aac77b8ff887eede3e,static,sympy/functions/elementary/complexes.py,334,334,medium,W0621: Redefining name 'arg' from outer scope (line 705),False,,3,,1.6869999999180436,,,,1,
sympy__sympy-21627,sympy/sympy,126f80578140e752ad5135aac77b8ff887eede3e,static,sympy/functions/elementary/complexes.py,360,360,medium,W0212: Access to a protected member _new_rawargs of a client class,False,,3,,1.6869999999180436,,,,1,
sympy__sympy-21627,sympy/sympy,126f80578140e752ad5135aac77b8ff887eede3e,static,sympy/functions/elementary/complexes.py,425,425,medium,W0613: Unused argument 'n',False,,3,,1.6869999999180436,,,,1,
sympy__sympy-21627,sympy/sympy,126f80578140e752ad5135aac77b8ff887eede3e,static,sympy/functions/elementary/complexes.py,436,436,medium,W0212: Access to a protected member _sage_ of a client class,False,,3,,1.6869999999180436,,,,1,
sympy__sympy-21627,sympy/sympy,126f80578140e752ad5135aac77b8ff887eede3e,static,sympy/functions/elementary/complexes.py,438,438,medium,W0621: Redefining name 'arg' from outer scope (line 705),False,,3,,1.6869999999180436,,,,1,
sympy__sympy-21627,sympy/sympy,126f80578140e752ad5135aac77b8ff887eede3e,static,sympy/functions/elementary/complexes.py,438,438,medium,W0613: Unused argument 'kwargs',False,,3,,1.6869999999180436,,,,1,
sympy__sympy-22005,sympy/sympy,2c83657ff1c62fc2761b639469fdac7f7561a72a,static,sympy/solvers/polysys.py,52,52,medium,"B904: Within an `except` clause, raise exceptions with `raise ... from err` or `raise ... from None` to distinguish them from errors in exception handling",False,,3,,1.1559999999590218,,,,1,
sympy__sympy-22005,sympy/sympy,2c83657ff1c62fc2761b639469fdac7f7561a72a,static,sympy/solvers/polysys.py,52,52,medium,"W0707: Consider explicitly re-raising using 'raise ComputationFailed('solve_poly_system', len(seq), exc) from exc'",False,,3,,1.1559999999590218,,,,1,
sympy__sympy-22005,sympy/sympy,2c83657ff1c62fc2761b639469fdac7f7561a72a,static,sympy/solvers/polysys.py,287,287,medium,"B904: Within an `except` clause, raise exceptions with `raise ... from err` or `raise ... from None` to distinguish them from errors in exception handling",False,,3,,1.1559999999590218,,,,1,
sympy__sympy-22005,sympy/sympy,2c83657ff1c62fc2761b639469fdac7f7561a72a,static,sympy/solvers/polysys.py,287,287,medium,W0707: Consider explicitly re-raising using 'except CoercionFailed as exc' and 'raise NotImplementedError from exc',False,,3,,1.1559999999590218,,,,1,
sympy__sympy-22005,sympy/sympy,2c83657ff1c62fc2761b639469fdac7f7561a72a,static,sympy/solvers/polysys.py,361,361,medium,W0622: Redefining built-in 'vars',False,,3,,1.1559999999590218,,,,1,
sympy__sympy-22005,sympy/sympy,2c83657ff1c62fc2761b639469fdac7f7561a72a,static,sympy/solvers/polysys.py,361,361,low,A001: Variable `vars` is shadowing a Python builtin,False,,3,,1.1559999999590218,,,,1,
sympy__sympy-22714,sympy/sympy,3ff4717b6aef6086e78f01cdfa06f64ae23aed7e,static,sympy/geometry/point.py,37,37,high,E0402: Attempted relative import beyond top-level package,False,,3,,1.4839999999385327,,,,1,
sympy__sympy-22714,sympy/sympy,3ff4717b6aef6086e78f01cdfa06f64ae23aed7e,static,sympy/geometry/point.py,148,148,medium,B028: No explicit `stacklevel` keyword argument found,False,,3,,1.4839999999385327,,,,1,
sympy__sympy-22714,sympy/sympy,3ff4717b6aef6086e78f01cdfa06f64ae23aed7e,static,sympy/geometry/point.py,220,220,medium,"B904: Within an `except` clause, raise exceptions with `raise ... from err` or `raise ... from None` to distinguish them from errors in exception handling",False,,3,,1.4839999999385327,,,,1,
sympy__sympy-22714,sympy/sympy,3ff4717b6aef6086e78f01cdfa06f64ae23aed7e,static,sympy/geometry/point.py,220,220,medium,"W0707: Consider explicitly re-raising using 'except TypeError as exc' and 'raise GeometryError(""Don't know how to add {} and a Point object"".format(other)) from exc'",False,,3,,1.4839999999385327,,,,1,
sympy__sympy-22714,sympy/sympy,3ff4717b6aef6086e78f01cdfa06f64ae23aed7e,static,sympy/geometry/point.py,332,332,medium,W0511: XXX fragile -- what is a better way?,False,,3,,1.4839999999385327,,,,1,
sympy__sympy-22714,sympy/sympy,3ff4717b6aef6086e78f01cdfa06f64ae23aed7e,static,sympy/geometry/point.py,430,430,medium,"B904: Within an `except` clause, raise exceptions with `raise ... from err` or `raise ... from None` to distinguish them from errors in exception handling",False,,3,,1.4839999999385327,,,,1,
sympy__sympy-22714,sympy/sympy,3ff4717b6aef6086e78f01cdfa06f64ae23aed7e,static,sympy/geometry/point.py,430,430,medium,W0707: Consider explicitly re-raising using 'except TypeError as exc' and 'raise TypeError('not recognized as a GeometricEntity: %s' % type(other)) from exc',False,,3,,1.4839999999385327,,,,1,
sympy__sympy-22714,sympy/sympy,3ff4717b6aef6086e78f01cdfa06f64ae23aed7e,static,sympy/geometry/point.py,614,614,medium,W0612: Unused variable 'rref',False,,3,,1.4839999999385327,,,,1,
sympy__sympy-23117,sympy/sympy,c5cef2499d6eed024b0db5c792d6ec7c53baa470,static,sympy/tensor/array/ndim_array.py,522,522,high,E0402: Attempted relative import beyond top-level package,False,,3,,1.4849999999860302,,,,1,
sympy__sympy-23117,sympy/sympy,c5cef2499d6eed024b0db5c792d6ec7c53baa470,static,sympy/tensor/array/ndim_array.py,169,169,medium,B007: Loop control variable `i` not used within loop body,False,,3,,1.4849999999860302,,,,1,
sympy__sympy-23117,sympy/sympy,c5cef2499d6eed024b0db5c792d6ec7c53baa470,static,sympy/tensor/array/ndim_array.py,169,169,medium,W0612: Unused variable 'i',False,,3,,1.4849999999860302,,,,1,
sympy__sympy-23117,sympy/sympy,c5cef2499d6eed024b0db5c792d6ec7c53baa470,static,sympy/tensor/array/ndim_array.py,208,208,medium,W0613: Unused argument 'kwargs',False,,3,,1.4849999999860302,,,,1,
sympy__sympy-23117,sympy/sympy,c5cef2499d6eed024b0db5c792d6ec7c53baa470,static,sympy/tensor/array/ndim_array.py,218,218,medium,W0212: Access to a protected member _shape of a client class,False,,3,,1.4849999999860302,,,,1,
sympy__sympy-23117,sympy/sympy,c5cef2499d6eed024b0db5c792d6ec7c53baa470,static,sympy/tensor/array/ndim_array.py,238,238,medium,B007: Loop control variable `v` not used within loop body,False,,3,,1.4849999999860302,,,,1,
sympy__sympy-23117,sympy/sympy,c5cef2499d6eed024b0db5c792d6ec7c53baa470,static,sympy/tensor/array/ndim_array.py,238,238,medium,W0612: Unused variable 'v',False,,3,,1.4849999999860302,,,,1,
sympy__sympy-23117,sympy/sympy,c5cef2499d6eed024b0db5c792d6ec7c53baa470,static,sympy/tensor/array/ndim_array.py,321,321,medium,W0108: Lambda may not be necessary,False,,3,,1.4849999999860302,,,,1,
sympy__sympy-23117,sympy/sympy,c5cef2499d6eed024b0db5c792d6ec7c53baa470,static,sympy/tensor/array/ndim_array.py,324,324,medium,W0212: Access to a protected member _eval_derivative_n_times of a client class,False,,3,,1.4849999999860302,,,,1,
sympy__sympy-23117,sympy/sympy,c5cef2499d6eed024b0db5c792d6ec7c53baa470,static,sympy/tensor/array/ndim_array.py,350,350,medium,W0212: Access to a protected member _print of a client class,False,,3,,1.4849999999860302,,,,1,
sympy__sympy-23117,sympy/sympy,c5cef2499d6eed024b0db5c792d6ec7c53baa470,static,sympy/tensor/array/ndim_array.py,356,356,medium,W0212: Access to a protected member _print of a client class,False,,3,,1.4849999999860302,,,,1,
sympy__sympy-23117,sympy/sympy,c5cef2499d6eed024b0db5c792d6ec7c53baa470,static,sympy/tensor/array/ndim_array.py,544,544,medium,"W0311: Bad indentation. Found 16 spaces, expected 12",False,,3,,1.4849999999860302,,,,1,
sympy__sympy-23117,sympy/sympy,c5cef2499d6eed024b0db5c792d6ec7c53baa470,static,sympy/tensor/array/ndim_array.py,558,558,medium,W0511: TODO: add checks for dimensions for `value`?,False,,3,,1.4849999999860302,,,,1,
sympy__sympy-23191,sympy/sympy,fa9b4b140ec0eaf75a62c1111131626ef0f6f524,static,sympy/printing/pretty/pretty.py,96,96,medium,W0212: Access to a protected member _expr1 of a client class,False,,3,,3.890999999945052,,,,1,
sympy__sympy-23191,sympy/sympy,fa9b4b140ec0eaf75a62c1111131626ef0f6f524,static,sympy/printing/pretty/pretty.py,97,97,medium,W0212: Access to a protected member _expr2 of a client class,False,,3,,3.890999999945052,,,,1,
sympy__sympy-23191,sympy/sympy,fa9b4b140ec0eaf75a62c1111131626ef0f6f524,static,sympy/printing/pretty/pretty.py,108,108,medium,W0212: Access to a protected member _expr of a client class,False,,3,,3.890999999945052,,,,1,
sympy__sympy-23191,sympy/sympy,fa9b4b140ec0eaf75a62c1111131626ef0f6f524,static,sympy/printing/pretty/pretty.py,117,117,medium,W0212: Access to a protected member _expr of a client class,False,,3,,3.890999999945052,,,,1,
sympy__sympy-23191,sympy/sympy,fa9b4b140ec0eaf75a62c1111131626ef0f6f524,static,sympy/printing/pretty/pretty.py,126,126,medium,W0212: Access to a protected member _expr1 of a client class,False,,3,,3.890999999945052,,,,1,
sympy__sympy-23191,sympy/sympy,fa9b4b140ec0eaf75a62c1111131626ef0f6f524,static,sympy/printing/pretty/pretty.py,127,127,medium,W0212: Access to a protected member _expr2 of a client class,False,,3,,3.890999999945052,,,,1,
sympy__sympy-23191,sympy/sympy,fa9b4b140ec0eaf75a62c1111131626ef0f6f524,static,sympy/printing/pretty/pretty.py,138,138,medium,W0212: Access to a protected member _expr of a client class,False,,3,,3.890999999945052,,,,1,
sympy__sympy-23191,sympy/sympy,fa9b4b140ec0eaf75a62c1111131626ef0f6f524,static,sympy/printing/pretty/pretty.py,146,146,medium,W0212: Access to a protected member _expr of a client class,False,,3,,3.890999999945052,,,,1,
sympy__sympy-23191,sympy/sympy,fa9b4b140ec0eaf75a62c1111131626ef0f6f524,static,sympy/printing/pretty/pretty.py,359,359,medium,B026: Star-arg unpacking after a keyword argument is strongly discouraged,False,,3,,3.890999999945052,,,,1,
sympy__sympy-23191,sympy/sympy,fa9b4b140ec0eaf75a62c1111131626ef0f6f524,static,sympy/printing/pretty/pretty.py,435,435,medium,W0511: XXX generalize parens,False,,3,,3.890999999945052,,,,1,
sympy__sympy-23191,sympy/sympy,fa9b4b140ec0eaf75a62c1111131626ef0f6f524,static,sympy/printing/pretty/pretty.py,443,443,medium,W0511: XXX qparens (parens if needs-parens),False,,3,,3.890999999945052,,,,1,
sympy__sympy-23191,sympy/sympy,fa9b4b140ec0eaf75a62c1111131626ef0f6f524,static,sympy/printing/pretty/pretty.py,457,457,medium,W0511: XXX hack!,False,,3,,3.890999999945052,,,,1,
sympy__sympy-23191,sympy/sympy,fa9b4b140ec0eaf75a62c1111131626ef0f6f524,static,sympy/printing/pretty/pretty.py,479,479,medium,W0511: XXX hack,False,,3,,3.890999999945052,,,,1,
sympy__sympy-23191,sympy/sympy,fa9b4b140ec0eaf75a62c1111131626ef0f6f524,static,sympy/printing/pretty/pretty.py,491,491,medium,W0511: XXX hack,False,,3,,3.890999999945052,,,,1,
sympy__sympy-23191,sympy/sympy,fa9b4b140ec0eaf75a62c1111131626ef0f6f524,static,sympy/printing/pretty/pretty.py,573,573,medium,W0613: Unused argument 'lower',False,,3,,3.890999999945052,,,,1,
sympy__sympy-23191,sympy/sympy,fa9b4b140ec0eaf75a62c1111131626ef0f6f524,static,sympy/printing/pretty/pretty.py,574,574,medium,W0612: Unused variable 'adjust',False,,3,,3.890999999945052,,,,1,
sympy__sympy-23191,sympy/sympy,fa9b4b140ec0eaf75a62c1111131626ef0f6f524,static,sympy/printing/pretty/pretty.py,668,668,medium,W0622: Redefining built-in 'dir',False,,3,,3.890999999945052,,,,1,
sympy__sympy-23191,sympy/sympy,fa9b4b140ec0eaf75a62c1111131626ef0f6f524,static,sympy/printing/pretty/pretty.py,725,725,medium,"W0511: XXX this should be generalized, and go to stringPict.reshape ?",False,,3,,3.890999999945052,,,,1,
sympy__sympy-23191,sympy/sympy,fa9b4b140ec0eaf75a62c1111131626ef0f6f524,static,sympy/printing/pretty/pretty.py,730,730,medium,W0511: XXX this is not good in all cases -- maybe introduce vbaseline?,False,,3,,3.890999999945052,,,,1,
sympy__sympy-23191,sympy/sympy,fa9b4b140ec0eaf75a62c1111131626ef0f6f524,static,sympy/printing/pretty/pretty.py,808,808,medium,B026: Star-arg unpacking after a keyword argument is strongly discouraged,False,,3,,3.890999999945052,,,,1,
sympy__sympy-23262,sympy/sympy,fdc707f73a65a429935c01532cd3970d3355eab6,static,sympy/utilities/lambdify.py,6,6,high,F401: `typing.Any` imported but unused,False,,3,,2.4070000000065193,,,,1,
sympy__sympy-23262,sympy/sympy,fdc707f73a65a429935c01532cd3970d3355eab6,static,sympy/utilities/lambdify.py,15,15,medium,W0611: Unused import_module imported from sympy.external,False,,3,,2.4070000000065193,,,,1,
sympy__sympy-23262,sympy/sympy,fdc707f73a65a429935c01532cd3970d3355eab6,static,sympy/utilities/lambdify.py,132,133,medium,"B904: Within an `except` clause, raise exceptions with `raise ... from err` or `raise ... from None` to distinguish them from errors in exception handling",False,,3,,2.4070000000065193,,,,1,
sympy__sympy-23262,sympy/sympy,fdc707f73a65a429935c01532cd3970d3355eab6,static,sympy/utilities/lambdify.py,132,133,medium,"W0707: Consider explicitly re-raising using 'except KeyError as exc' and 'raise NameError(""'%s' module cannot be used for lambdification"" % module) from exc'",False,,3,,2.4070000000065193,,,,1,
sympy__sympy-23262,sympy/sympy,fdc707f73a65a429935c01532cd3970d3355eab6,static,sympy/utilities/lambdify.py,146,146,medium,W0123: Use of eval,False,,3,,2.4070000000065193,,,,1,
sympy__sympy-23262,sympy/sympy,fdc707f73a65a429935c01532cd3970d3355eab6,static,sympy/utilities/lambdify.py,153,153,medium,W0122: Use of exec,False,,3,,2.4070000000065193,,,,1,
sympy__sympy-23262,sympy/sympy,fdc707f73a65a429935c01532cd3970d3355eab6,static,sympy/utilities/lambdify.py,771,771,medium,W0511: XXX: This leads to different behaviour on different systems and,False,,3,,2.4070000000065193,,,,1,
sympy__sympy-23262,sympy/sympy,fdc707f73a65a429935c01532cd3970d3355eab6,static,sympy/utilities/lambdify.py,884,884,medium,W0122: Use of exec,False,,3,,2.4070000000065193,,,,1,
sympy__sympy-23262,sympy/sympy,fdc707f73a65a429935c01532cd3970d3355eab6,static,sympy/utilities/lambdify.py,890,890,medium,W0122: Use of exec,False,,3,,2.4070000000065193,,,,1,
sympy__sympy-23262,sympy/sympy,fdc707f73a65a429935c01532cd3970d3355eab6,static,sympy/utilities/lambdify.py,897,897,medium,W0603: Using the global statement,False,,3,,2.4070000000065193,,,,1,
sympy__sympy-23262,sympy/sympy,fdc707f73a65a429935c01532cd3970d3355eab6,static,sympy/utilities/lambdify.py,901,901,medium,W0122: Use of exec,False,,3,,2.4070000000065193,,,,1,
sympy__sympy-23262,sympy/sympy,fdc707f73a65a429935c01532cd3970d3355eab6,static,sympy/utilities/lambdify.py,1006,1006,medium,W0108: Lambda may not be necessary,False,,3,,2.4070000000065193,,,,1,
sympy__sympy-23262,sympy/sympy,fdc707f73a65a429935c01532cd3970d3355eab6,static,sympy/utilities/lambdify.py,1008,1008,medium,W0511: XXX: This has to be done here because of circular imports,False,,3,,2.4070000000065193,,,,1,
sympy__sympy-23262,sympy/sympy,fdc707f73a65a429935c01532cd3970d3355eab6,static,sympy/utilities/lambdify.py,1042,1042,medium,W0621: Redefining name 'iterable' from outer scope (line 18),False,,3,,2.4070000000065193,,,,1,
sympy__sympy-23262,sympy/sympy,fdc707f73a65a429935c01532cd3970d3355eab6,static,sympy/utilities/lambdify.py,1092,1092,medium,W0511: XXX: This has to be done here because of circular imports,False,,3,,2.4070000000065193,,,,1,
sympy__sympy-23262,sympy/sympy,fdc707f73a65a429935c01532cd3970d3355eab6,static,sympy/utilities/lambdify.py,1233,1233,medium,W0613: Unused argument 'args',False,,3,,2.4070000000065193,,,,1,
sympy__sympy-23262,sympy/sympy,fdc707f73a65a429935c01532cd3970d3355eab6,static,sympy/utilities/lambdify.py,1257,1257,medium,W0237: Parameter 'unpackto' has been renamed to 'lvalues' in overriding '_TensorflowEvaluatorPrinter._print_unpacking' method,False,,3,,2.4070000000065193,,,,1,
sympy__sympy-23262,sympy/sympy,fdc707f73a65a429935c01532cd3970d3355eab6,static,sympy/utilities/lambdify.py,1391,1391,medium,W0212: Access to a protected member _kwargs of a client class,False,,3,,2.4070000000065193,,,,1,
